Freq. Rank,Lexeme,Standard Orthography,Standard Reading
50,そう,そう,そう
69,どう,どう,どう
129,もう,もう,もう
149,こう,こう,こう
164,良く,よく,よく
199,未だ,まだ,まだ
213,少し,少し,すこし
229,余り,あまり,あまり
247,直ぐ,すぐ,すぐ
250,唯,ただ,ただ
268,矢張り,やはり,やはり
280,何故,なぜ,なぜ
282,先ず,まず,まず
286,例えば,例えば,たとえば
292,詰まり,つまり,つまり
299,全く,全く,まったく
309,一寸,ちょっと,ちょっと
327,若し,もし,もし
335,特に,特に,とくに
349,勿論,もちろん,もちろん
350,既に,すでに,すでに
353,一番,一番,いちばん
396,初めて,初めて,はじめて
411,可成,かなり,かなり
420,色々,いろいろ,いろいろ
438,最も,最も,もっとも
445,迚も,とても,とても
474,もっと,もっと,もっと
494,必ず,必ず,かならず
546,沢山,たくさん,たくさん
552,当然,当然,とうぜん
606,猶,なお,なお
655,幾ら,いくら,いくら
657,はっきり,はっきり,はっきり
660,ずっと,ずっと,ずっと
688,直接,直接,ちょくせつ
721,暫く,しばらく,しばらく
731,まあ,まあ,まあ
753,中々,なかなか,なかなか
793,決して,決して,けっして
799,軈て,やがて,やがて
807,如何に,いかに,いかに
812,寧ろ,むしろ,むしろ
855,丸で,まるで,まるで
863,一杯,いっぱい,いっぱい
871,恐らく,おそらく,おそらく
872,結構,結構,けっこう
874,嘗て,かつて,かつて
900,再び,再び,ふたたび
926,略,略,りゃく
949,多分,たぶん,たぶん
972,僅か,わずか,わずか
978,正に,まさに,まさに
992,兎に角,とにかく,とにかく
1000,確り,しっかり,しっかり
1017,極めて,極めて,きわめて
1030,急度,きっと,きっと
1044,ゆっくり,ゆっくり,ゆっくり
1090,元々,もともと,もともと
1118,突然,突然,とつぜん
1149,ちゃんと,ちゃんと,ちゃんと
1167,宜しく,よろしく,よろしく
1204,丁度,ちょうど,ちょうど
1245,漸く,ようやく,ようやく
1269,きちんと,きちんと,きちんと
1379,遂に,ついに,ついに
1451,仮令,たとえ,たとえ
1500,漸と,やっと,やっと
1585,是非,ぜひ,ぜひ
1595,全然,全然,ぜんぜん
1597,随分,ずいぶん,ずいぶん
1633,飽くまで,あくまで,あくまで
1636,すっかり,すっかり,すっかり
1642,どんどん,どんどん,どんどん
1659,改めて,改めて,あらためて
1674,じっと,じっと,じっと
1681,極く,ごく,ごく
1716,単に,単に,たんに
1724,行成,いきなり,いきなり
1771,やや,やや,やや
1807,言わば,いわば,いわば
1807,つい,つい,つい
1833,益々,ますます,ますます
1837,取り敢えず,とりあえず,とりあえず
1844,次々,次々,つぎつぎ
1851,最早,もはや,もはや
1873,兎も角,ともかく,ともかく
1914,屡,しばしば,しばしば
1937,一層,一層,いっそう
1953,ふと,ふと,ふと
1978,一旦,いったん,いったん
2007,大抵,たいてい,たいてい
2098,成る程,なるほど,なるほど
2112,どうぞ,どうぞ,どうぞ
2128,同じく,同じく,おなじく
2167,愈,いよいよ,いよいよ
2251,偶に,たまに,たまに
2265,段々,だんだん,だんだん
2283,却って,かえって,かえって
2288,まさか,まさか,まさか
2351,折角,せっかく,せっかく
2411,態々,わざわざ,わざわざ
2431,無論,むろん,むろん
2468,大いに,大いに,おおいに
2516,余程,よほど,よほど
2578,幸い,幸い,さいわい
2607,偶々,たまたま,たまたま
2632,忽ち,たちまち,たちまち
2652,取り分け,とりわけ,とりわけ
2652,そっと,そっと,そっと
2664,敢えて,あえて,あえて
2699,直ちに,直ちに,ただちに
2713,そろそろ,そろそろ,そろそろ
2764,未だ未だ,まだまだ,まだまだ
2790,主に,主に,おもに
2856,早速,さっそく,さっそく
2863,凡そ,およそ,およそ
2863,予め,あらかじめ,あらかじめ
2892,果たして,果たして,はたして
2900,成る可く,なるべく,なるべく
2921,たっぷり,たっぷり,たっぷり
2950,況して,まして,まして
3045,一見,一見,いっけん
3072,何しろ,なにしろ,なにしろ
3124,ほっと,ほっと,ほっと
3237,斯く,斯く,かく
3322,ぼんやり,ぼんやり,ぼんやり
3353,とんでも,とんでも,とんでも
3392,今更,いまさら,いまさら
3465,只管,ひたすら,ひたすら
3529,些か,いささか,いささか
3529,そっくり,そっくり,そっくり
3534,どうせ,どうせ,どうせ
3554,せめて,せめて,せめて
3558,到頭,とうとう,とうとう
3598,態と,わざと,わざと
3651,大分,だいぶ,だいぶ
3807,さっぱり,さっぱり,さっぱり
3868,ぴったり,ぴったり,ぴったり
3922,専ら,もっぱら,もっぱら
3938,一向,一向,いっこう
4030,精々,せいぜい,せいぜい
4091,大して,たいして,たいして
4102,頻り,しきり,しきり
4107,ひょっと,ひょっと,ひょっと
4119,固より,もとより,もとより
4119,依然,依然,いぜん
4182,仲良く,仲良く,なかよく
4225,恰も,あたかも,あたかも
4411,時折,時折,ときおり
4419,到底,到底,とうてい
4432,あっさり,あっさり,あっさり
4444,すっきり,すっきり,すっきり
4469,さっと,さっと,さっと
4587,然程,さほど,さほど
4771,現に,現に,げんに
4784,度々,たびたび,たびたび
4784,正しく,正しく,まさしく
4784,のんびり,のんびり,のんびり
4844,じっくり,じっくり,じっくり
4901,ぎりぎり,ぎりぎり,ぎりぎり
4914,矢鱈,やたら,やたら
4935,はっと,ハッと,はっと
5114,さっさと,さっさと,さっさと
5195,生き生き,生き生き,いきいき
5224,次いで,次いで,ついで
5251,無理矢理,むりやり,むりやり
5427,ゆったり,ゆったり,ゆったり
5592,案外,案外,あんがい
5671,即,即,そく
5682,悉く,ことごとく,ことごとく
5705,ともあれ,ともあれ,ともあれ
5717,散々,散々,さんざん
5737,早々,早々,そうそう
5737,ぱっと,パッと,ぱっと
5844,こっそり,こっそり,こっそり
5961,所詮,しょせん,しょせん
6103,にこり,ニコリ,にこり
6103,ちらっと,ちらっと,ちらっと
6281,辛うじて,かろうじて,かろうじて
6290,ぐっと,ぐっと,ぐっと
6363,がっかり,がっかり,がっかり
6363,今一,いまいち,いまいち
6556,尚更,なおさら,なおさら
6584,どきどき,ドキドキ,どきどき
6602,にこにこ,ニコニコ,にこにこ
6625,いっそ,いっそ,いっそ
6685,しょっちゅう,しょっちゅう,しょっちゅう
6823,些とも,ちっとも,ちっとも
6823,甚だ,はなはだ,はなはだ
6839,当面,当面,とうめん
6859,元来,元来,がんらい
6918,そこそこ,そこそこ,そこそこ
7069,きっぱり,きっぱり,きっぱり
7289,割と,わりと,わりと
7312,逸早く,いちはやく,いちはやく
7312,きっちり,きっちり,きっちり
7312,熟,つくづく,つくづく
7336,ぐるぐる,ぐるぐる,ぐるぐる
7382,予て,かねて,かねて
7405,直様,すぐさま,すぐさま
7405,うんざり,うんざり,うんざり
7405,ひっそり,ひっそり,ひっそり
7422,大層,たいそう,たいそう
7470,ちらり,ちらり,ちらり
7522,ぴんと,ピンと,ぴんと
7692,ふっと,ふっと,ふっと
7712,すっと,すっと,すっと
7908,きらきら,きらきら,きらきら
7932,一歩,一歩,いっぽ
8052,殊更,ことさら,ことさら
8074,何せ,なにせ,なにせ
8193,突如,突如,とつじょ
8219,ずばり,ずばり,ずばり
8245,ごろごろ,ゴロゴロ,ごろごろ
8341,見る見る,みるみる,みるみる
8341,にやり,ニヤリ,にやり
8424,殊に,ことに,ことに
8424,宛ら,さながら,さながら
8481,当分,当分,とうぶん
8515,自ずと,おのずと,おのずと
8515,暫し,しばし,しばし
8552,断固,断固,だんこ
8552,染み染み,しみじみ,しみじみ
8644,碌に,ろくに,ろくに
8802,どん,ドン,どん
8918,ぴたりと,ぴたりと,ぴたりと
9026,ざっと,ざっと,ざっと
9026,一先ず,ひとまず,ひとまず
9065,さらさら,さらさら,さらさら
9065,頗る,すこぶる,すこぶる
9065,かっと,かっと,かっと
9098,ふらふら,フラフラ,ふらふら
9136,延々,延々,えんえん
9136,くるくる,くるくる,くるくる
9136,ぞっと,ゾッと,ぞっと
9259,極力,極力,きょくりょく
9327,大凡,おおよそ,おおよそ
9327,良く良く,よくよく,よくよく
9327,多々,多々,たた
9327,ぶつぶつ,ブツブツ,ぶつぶつ
9405,続々,続々,ぞくぞく
9448,ぶらぶら,ブラブラ,ぶらぶら
9548,兎角,とかく,とかく
9548,うろうろ,ウロウロ,うろうろ
9666,斯くて,かくて,かくて
9708,ぎゅっと,ぎゅっと,ぎゅっと
9747,どっと,どっと,どっと
9747,すかさず,すかさず,すかさず
9821,まあまあ,まあまあ,まあまあ
9928,くっきり,くっきり,くっきり
9969,一際,ひときわ,ひときわ
10007,延いては,ひいては,ひいては
10007,呉々,くれぐれ,くれぐれ
10007,薄ら,うっすら,うっすら
10093,ついつい,ついつい,ついつい
10145,至って,至って,いたって
10145,自ずから,おのずから,おのずから
10145,むっと,むっと,むっと
10240,うんと,うんと,うんと
10240,強か,したたか,したたか
10408,恐る恐る,恐る恐る,おそるおそる
10460,にやにや,ニヤニヤ,にやにや
10460,ぎょっと,ぎょっと,ぎょっと
10521,尚且つ,なおかつ,なおかつ
10521,生憎,あいにく,あいにく
10614,適宜,適宜,てきぎ
10663,至極,至極,しごく
10663,唯々,ただただ,ただただ
10663,おいおい,おいおい,おいおい
10763,全う,まっとう,まっとう
10865,ばたばた,バタバタ,ばたばた
10915,長々,長々,ながなが
10977,すんなり,すんなり,すんなり
10977,うっとり,うっとり,うっとり
11024,往々,往々,おうおう
11024,嘸,さぞ,さぞ
11078,だらだら,だらだら,だらだら
11078,ぐったり,ぐったり,ぐったり
11193,ぐずぐず,ぐずぐず,ぐずぐず
11251,ぽんと,ぽんと,ぽんと
11251,又もや,またもや,またもや
11319,高々,高々,たかだか
11319,がたがた,ガタガタ,がたがた
11369,順次,順次,じゅんじ
11369,丸々,まるまる,まるまる
11428,わくわく,ワクワク,わくわく
11428,ばりばり,バリバリ,ばりばり
11428,ずらり,ずらり,ずらり
11473,広々,広々,ひろびろ
11473,すうっと,すうっと,すうっと
11528,せっせと,せっせと,せっせと
11596,概して,概して,がいして
11596,案の定,案の定,あんのじょう
11707,転々,転々,てんてん
11763,ぴかぴか,ピカピカ,ぴかぴか
11763,共々,ともども,ともども
11823,びっしり,びっしり,びっしり
11876,ずるずる,ずるずる,ずるずる
11876,渋々,しぶしぶ,しぶしぶ
11940,強いて,しいて,しいて
11940,ばたり,ばたり,ばたり
12009,嘸かし,さぞかし,さぞかし
12071,ちょっぴり,ちょっぴり,ちょっぴり
12149,ぽつりと,ぽつりと,ぽつりと
12216,細々,こまごま,こまごま
12216,くるり,くるり,くるり
12285,断然,断然,だんぜん
12285,ちらちら,ちらちら,ちらちら
12399,とんとん,トントン,とんとん
12399,こつこつ,こつこつ,こつこつ
12399,じわじわ,じわじわ,じわじわ
12399,又々,またまた,またまた
12399,ぱっ,ぱっ,ぱっ
12525,ぎっしり,ぎっしり,ぎっしり
12525,すっぽり,すっぽり,すっぽり
12525,しっとり,しっとり,しっとり
12603,徐に,おもむろに,おもむろに
12685,ふっくら,ふっくら,ふっくら
12751,ぽつんと,ぽつんと,ぽつんと
12751,丸切り,まるきり,まるきり
13068,急遽,急遽,きゅうきょ
13146,つるつる,つるつる,つるつる
13226,がっちり,がっちり,がっちり
13318,ぶるぶる,ブルブル,ぶるぶる
13391,さして,さして,さして
13457,どろどろ,ドロドロ,どろどろ
13457,何とぞ,なにとぞ,なにとぞ
13457,ひらひら,ひらひら,ひらひら
13457,じりじり,じりじり,じりじり
13540,刻々,刻々,こっこく
13726,一頻り,ひとしきり,ひとしきり
13726,目茶,めちゃ,めちゃ
13805,ぱらぱら,パラパラ,ぱらぱら
13805,のろのろ,ノロノロ,のろのろ
13898,ぐる,ぐる,ぐる
13898,ばっと,ばっと,ばっと
13980,ごちゃごちゃ,ごちゃごちゃ,ごちゃごちゃ
13980,はらはら,ハラハラ,はらはら
14062,しっくり,しっくり,しっくり
14062,第一,第一,だいいち
14062,ぐっすり,ぐっすり,ぐっすり
14062,しんと,しんと,しんと
14153,総じて,縮む,ちぢむ
14244,着々,着々,ちゃくちゃく
14244,がっくり,がっくり,がっくり
14351,そうこう,そうこう,そうこう
14351,おずおず,おずおず,おずおず
14454,常々,常々,つねづね
14454,伸び伸び,のびのび,のびのび
14454,まじまじ,まじまじ,まじまじ
14547,てっきり,てっきり,てっきり
14640,ぐんぐん,ぐんぐん,ぐんぐん
14720,てきぱき,てきぱき,てきぱき
14720,ばっちり,バッチリ,ばっちり
14720,ぞろぞろ,ぞろぞろ,ぞろぞろ
14814,ぐんと,ぐんと,ぐんと
14814,ころころ,コロコロ,ころころ
14814,ひょいと,ひょいと,ひょいと
14914,ふわふわ,ふわふわ,ふわふわ
14914,ぐるりと,ぐるりと,ぐるりと
15032,ありあり,ありあり,ありあり
15032,がんがん,がんがん,がんがん
15032,がっしり,がっしり,がっしり
15148,どき,どき,とき
15148,彼此,かれこれ,かれこれ
15148,びくびく,ビクビク,びくびく
15245,ぼうっと,ぼうっと,ぼおっと
15245,からから,からから,からから
15245,黒々,黒々,くろぐろ
15365,別段,別段,べつだん
15365,くすくす,くすくす,くすくす
15468,何ぼ,なんぼ,なんぼ
15703,優に,優に,ゆうに
15703,ぎくしゃく,ぎくしゃく,ぎくしゃく
15703,ひんやり,ひんやり,ひんやり
15831,もやもや,もやもや,もやもや
15831,ぽっかり,ぽっかり,ぽっかり
15831,遥々,はるばる,はるばる
15831,ぐいと,ぐいと,ぐいと
15963,偏に,ひとえに,ひとえに
16075,ぽんぽん,ポンポン,ぽんぽん
16075,きょとんと,きょとんと,きょとんと
16211,一倍,一倍,いちばい
16211,べったり,べったり,べったり
16211,ゆらゆら,ゆらゆら,ゆらゆら
16348,長らく,長らく,ながらく
16348,ぺらぺら,ペラペラ,ぺらぺら
16348,浮き浮き,うきうき,うきうき
16348,がた,がた,がた
16474,強ち,あながち,あながち
16474,どっしり,どっしり,どっしり
16474,ぞくぞく,ぞくぞく,ぞくぞく
16474,つんと,つんと,つんと
16617,一躍,一躍,いちやく
16617,きょろきょろ,きょろきょろ,きょろきょろ
16617,満更,まんざら,まんざら
16617,薄々,うすうす,うすうす
16617,ほっそり,ほっそり,ほっそり
16617,ひそひそ,ひそひそ,ひそひそ
16743,ぽん,ぽん,ぽん
16743,こそこそ,こそこそ,こそこそ
16867,縷々,縷々,るる
16867,ぴい,ぴい,ぴい
16867,ぱちぱち,パチパチ,ぱちぱち
16867,うとうと,うとうと,うとうと
16867,きゅっと,きゅっと,きゅっと
16867,よろよろ,よろよろ,よろよろ
17004,彷彿,彷彿,ほうふつ
17004,べたべた,ベタベタ,べたべた
17004,びくと,びくと,びくと
17145,忽然,こつ然,こつぜん
17145,ちょい,ちょい,ちょい
17306,ばん,ばん,ばん
17306,毛頭,毛頭,もうとう
17306,数多,あまた,あまた
17306,ごしごし,ゴシゴシ,ごしごし
17306,ふわり,ふわり,ふわり
17493,具に,つぶさに,つぶさに
17493,ぴりぴり,ピリピリ,ぴりぴり
17493,さらりと,さらりと,さらりと
17493,偶,たま,たま
17493,そそくさ,そそくさ,そそくさ
17493,ぎらぎら,ぎらぎら,ぎらぎら
17632,暗に,暗に,あんに
17632,差し当たり,さしあたり,さしあたり
17632,がらんと,ガランと,がらんと
17632,やんわり,やんわり,やんわり
17632,じろじろ,ジロジロ,じろじろ
17942,別けて,わけて,わけて
17942,隈無く,くまなく,くまなく
17942,どんより,どんより,どんより
17942,くらくら,くらくら,くらくら
17942,時たま,時たま,ときたま
18084,ほんのり,ほんのり,ほんのり
18084,くよくよ,くよくよ,くよくよ
18084,小ぢんまり,こぢんまり,こぢんまり
18236,わっと,わっと,わっと
18236,すらり,すらり,すらり
18424,めっきり,めっきり,めっきり
18601,どっぷり,どっぷり,どっぷり
18601,思い思い,思い思い,おもいおもい
18601,すらすら,すらすら,すらすら
18601,青々,青々,あおあお
18601,ぼおっと,ぼおっと,ぼおっと
18778,わいわい,ワイワイ,わいわい
18778,なまじ,なまじ,なまじ
18778,おどおど,おどおど,おどおど
18778,ねっとり,ねっとり,ねっとり
18951,差詰,さしずめ,さしずめ
18951,がら,がら,がら
18951,おろおろ,おろおろ,おろおろ
18951,しかと,しかと,しかと
18951,おっとり,おっとり,おっとり
19125,がらりと,ガラリと,がらりと
19125,易々,やすやす,やすやす
19125,況んや,いわんや,いわんや
19294,かんかん,かんかん,かんかん
19294,かっ,かっ,かっ
19294,ごつごつ,ごつごつ,ごつごつ
19294,軽々,軽々,かるがる
19497,どーん,どーん,どーん
19690,独りでに,ひとりでに,ひとりでに
19690,凛と,凛と,りんと
19690,ひょっこり,ひょっこり,ひょっこり
19690,とっとと,とっとと,とっとと
19690,繁々,しげしげ,しげしげ
19690,するする,するする,するする
19898,遍く,あまねく,あまねく
20120,とやかく,とやかく,とやかく
20120,わんわん,ワンワン,わんわん
20120,そわそわ,そわそわ,そわそわ
20120,ぴくりと,,
20298,いそいそ,いそいそ,いそいそ
20527,極く極く,ごくごく,ごくごく
20527,逐一,逐一,ちくいち
20527,ぽつぽつ,ぽつぽつ,ぽつぽつ
20527,ばた,ばた,ばた
20527,ふわっと,ふわっと,ふわっと
20527,ばんばん,バンバン,ばんばん
20744,幾許,いくばく,いくばく
20744,楽々,楽々,らくらく
20744,漸次,漸次,ぜんじ
20744,ぺこぺこ,ぺこぺこ,ぺこぺこ
20744,もじもじ,もじもじ,もじもじ
20744,こんもり,こんもり,こんもり
20744,ひたひた,ひたひた,ひたひた
20744,むっつり,むっつり,むっつり
20979,まずまず,まずまず,まずまず
20979,きびきび,きびきび,きびきび
20979,ずんずん,ずんずん,ずんずん
20979,ざわざわ,ざわざわ,ざわざわ
21214,ふんわり,ふんわり,ふんわり
21214,ぐいぐい,ぐいぐい,ぐいぐい
21214,いと,いと,いと
21214,するりと,するりと,するりと
21214,つと,つと,つと
21214,ぽかん,ぽかん,ぽかん
21439,ちょん,ちょん,ちょん
21439,まんまと,まんまと,まんまと
21439,くしゃくしゃ,くしゃくしゃ,くしゃくしゃ
21660,くどくど,くどくど,くどくど
21660,猛然,猛然,もうぜん
21660,にゃあ,にゃあ,にゃあ
21660,ふらりと,ふらりと,ふらりと
21880,ぐるっと,ぐるっと,ぐるっと
21880,はあはあ,はあはあ,はあはあ
21880,まざまざ,まざまざ,まざまざ
21880,ぴっ,ぴっ,ぴっ
21880,つやつや,つやつや,つやつや
21880,ちょこちょこ,ちょこちょこ,ちょこちょこ
22135,あっけらかん,あっけらかん,あっけらかん
22135,ぽろぽろ,ポロポロ,ぽろぽろ
22135,かねがね,かねがね,かねがね
22135,蓋し,けだし,けだし
22135,のこのこ,のこのこ,のこのこ
22407,ちらほら,ちらほら,ちらほら
22407,根刮ぎ,根こそぎ,ねこそぎ
22407,ちょくちょく,ちょくちょく,ちょくちょく
22407,なかんずく,なかんずく,なかんずく
22407,どの道,どのみち,どのみち
22407,びくっと,びくっと,びくっと
22407,じろり,じろり,じろり
22657,将又,はたまた,はたまた
22657,早晩,早晩,そうばん
22657,ぴたっと,ぴたっと,ぴたっと
22657,ぐらぐら,ぐらぐら,ぐらぐら
22657,皆目,皆目,かいもく
22657,ちゅう,ちゅう,つう
22657,ぽかんと,,
22936,やおら,やおら,やおら
22936,ぼそぼそ,ぼそぼそ,ぼそぼそ
22936,てんで,てんで,てんで
22936,ひりひり,ヒリヒリ,ひりひり
22936,ぬるぬる,ヌルヌル,ぬるぬる
22936,どぎまぎ,どぎまぎ,どぎまぎ
22936,きらりと,きらりと,きらりと
22936,ううっ,,
22936,ぽっちゃり,ぽっちゃり,ぽっちゃり
23216,ばら,ばら,ばら
23216,一入,ひとしお,ひとしお
23216,にこっと,にこっと,にこっと
23216,然しも,さしも,さしも
23216,とろりと,とろりと,とろりと
23216,代わる代わる,かわるがわる,かわるがわる
23216,がくがく,ガクガク,がくがく
23216,ずんぐり,,
23482,難なく,難なく,なんなく
23482,仄々,ほのぼの,ほのぼの
23482,どすん,ドスン,どすん
23482,ちやほや,ちやほや,ちやほや
23482,ばーん,ばーん,ばーん
23482,はたと,はたと,はたと
23772,じんと,じんと,じんと
23772,少しく,少しく,すこしく
23772,すべすべ,すべすべ,すべすべ
23772,ぶち,ぶち,ぶち
23772,ぱくぱく,パクパク,ぱくぱく
23772,滅法,めっぽう,めっぽう
23772,びっしょり,びっしょり,びっしょり
23772,すたすた,スタスタ,すたすた
23772,きゅっ,きゅっ,きゅっ
23772,ひくひく,ヒクヒク,ひくひく
23772,きいん,起因,きいん
24074,どっさり,どっさり,どっさり
24074,こんこん,こんこん,こんこん
24074,くねくね,くねくね,くねくね
24074,真っ平,まっぴら,まっぴら
24074,けろりと,,
24074,しんなり,しんなり,しんなり
24387,すくすく,すくすく,すくすく
24387,ついぞ,ついぞ,ついぞ
24387,なみなみ,並々,なみなみ
24387,どんと,どんと,どんと
24387,ばたん,バタン,ばたん
24387,にんまり,ニンマリ,にんまり
24387,くんくん,くんくん,くんくん
24387,つかつか,つかつか,つかつか
24717,俄然,がぜん,がぜん
24717,成る丈,なるたけ,なるたけ
24717,ごうごう,ごうごう,ごうごう
24717,がやがや,がやがや,がやがや
24717,ざらざら,ざらざら,ざらざら
24717,すっぱり,すっぱり,すっぱり
24717,決然,決然,けつぜん
24717,あたふた,あたふた,あたふた
24717,きっかり,きっかり,きっかり
24717,ぴくぴく,ピクピク,ぴくぴく
25068,にこ,にこ,にこ
25068,夜通し,夜通し,よどおし
25068,げらげら,ゲラゲラ,げらげら
25429,しゃ,しゃ,しゃ
25429,ぼちぼち,ぼちぼち,ぼちぼち
25429,晴々,晴れ晴れ,はればれ
25429,しょんぼり,しょんぼり,しょんぼり
25429,ごそごそ,ごそごそ,ごそごそ
25429,ちくちく,チクチク,ちくちく
25789,頓に,とみに,とみに
25789,ひしひし,ひしひし,ひしひし
25789,ぴんぴん,ピンピン,ぴんぴん
25789,ぱたぱた,ぱたぱた,ぱたぱた
25789,ぽつりぽつり,ポツリポツリ,ぽつりぽつり
25789,むかむか,むかむか,むかむか
25789,よもや,よもや,よもや
25789,くるっと,くるっと,くるっと
25789,ぴしゃりと,ピシャリと,ぴしゃりと
26152,得てして,えてして,えてして
26152,おいそれと,おいそれと,おいそれと
26152,こよなく,こよなく,こよなく
26152,さらっと,さらっと,さらっと
26152,むくむく,むくむく,むくむく
26152,ぷんぷん,プンプン,ぷんぷん
26152,ちょこっと,ちょこっと,ちょこっと
26152,ぐいっと,ぐいっと,ぐいっと
26152,しゅっ,,
26548,ぱったり,ぱったり,ぱったり
26548,きりっと,きりっと,きりっと
26548,ぼつぼつ,ぼつぼつ,ぼつぼつ
26548,繁く,しげく,しげく
26548,ずっしり,ずっしり,ずっしり
26548,すとんと,,
26548,赤々,赤々,あかあか
26548,ささ,細,ささ
26548,ぴょん,ぴょん,ぴょん
26548,さくさく,さくさく,さくさく
26939,がらっと,がらっと,がらっと
26939,ほとほと,ほとほと,ほとほと
26939,もたもた,もたもた,もたもた
26939,ぬくぬく,ぬくぬく,ぬくぬく
26939,年来,年来,ねんらい
26939,とんと,とんと,とんと
26939,ぺこ,ペコ,ぺこ
26939,ぱさぱさ,ぱさぱさ,ぱさぱさ
26939,ぎくりと,,
27350,押し並べて,おしなべて,おしなべて
27350,ばっさり,ばっさり,ばっさり
27350,はきはき,はきはき,はきはき
27350,ごう,号,ごう
27350,がちゃん,がちゃん,がちゃん
27350,泣く泣く,泣く泣く,なくなく
27350,ちょこんと,ちょこんと,ちょこんと
27350,ぶんぶん,ブンブン,ぶんぶん
27350,じめじめ,ジメジメ,じめじめ
27350,ぐう,隅,ぐう
27350,怖々,こわごわ,こわごわ
27350,しこたま,しこたま,しこたま
27350,ちょいちょい,ちょいちょい,ちょいちょい
27350,かっか,閣下,かっか
27350,すっくと,すっくと,すっくと
27798,どしどし,どしどし,どしどし
27798,かくかく,かくかく,かくかく
27798,奇しくも,奇しくも,くしくも
27798,からっと,カラット,からっと
27798,うずうず,うずうず,うずうず
27798,ぷう,ぷう,ぷう
27798,とろとろ,とろとろ,とろとろ
27798,ねばねば,ネバネバ,ねばねば
27798,べらべら,ベラベラ,べらべら
27798,でっぷり,でっぷり,でっぷり
27798,ふうっと,,
27798,もぞもぞ,もぞもぞ,もぞもぞ
27798,ごくりと,,
28238,重々,重々,じゅうじゅう
28238,じたばた,ジタバタ,じたばた
28238,がさがさ,ガサガサ,がさがさ
28238,がつがつ,ガツガツ,がつがつ
28238,ちびちび,ちびちび,ちびちび
28238,むずむず,ムズムズ,むずむず
28238,ぬっと,ぬっと,ぬっと
28238,だらりと,,
28238,こりこり,コリコリ,こりこり
28238,くすっと,,
28688,ぼうぼう,ぼうぼう,ぼうぼう
28688,ちゃっかり,ちゃっかり,ちゃっかり
28688,ばり,張り,ばり
28688,かちんと,かちんと,かちんと
28688,びりびり,ビリビリ,びりびり
28688,しくしく,しくしく,しくしく
28688,冷や冷や,ひやひや,ひやひや
28688,がちゃ,がちゃ,がちゃ
28688,漸う,当用,ようよう
28688,ぼさぼさ,ボサボサ,ぼさぼさ
28688,しんみり,しんみり,しんみり
28688,ちくり,ちくり,ちくり
29169,篤と,とくと,とくと
29169,夙に,つとに,つとに
29169,畢竟,ひっきょう,ひっきょう
29169,道すがら,道すがら,みちすがら
29169,すいすい,スイスイ,すいすい
29169,どうと,どうと,どうと
29169,ぴしゃり,ぴしゃり,ぴしゃり
29169,ぼそり,,
29659,だぶだぶ,ダブダブ,だぶだぶ
29659,やきもき,やきもき,やきもき
29659,しと,使途,しと
29659,齷齪,あくせく,あくせく
29659,べとべと,ベトベト,べとべと
29659,ほかほか,ほかほか,ほかほか
29659,よちよち,よちよち,よちよち
29659,一等,一等,いっとう
29659,ぶくぶく,ぶくぶく,ぶくぶく
29659,寒々,寒々,さむざむ
29659,ちりちり,チリチリ,ちりちり
29659,ばさ,婆娑,ばさ
30141,うつらうつら,うつらうつら,うつらうつら
30141,ごっそり,ごっそり,ごっそり
30141,ちょろちょろ,ちょろちょろ,ちょろちょろ
30141,遮二無二,しゃにむに,しゃにむに
30141,どっち道,どっち道,どっちみち
30141,とぼとぼ,とぼとぼ,とぼとぼ
30141,ぐりぐり,グリグリ,ぐりぐり
30141,冷え冷え,冷え冷え,ひえびえ
30141,ばさばさ,バサバサ,ばさばさ
30141,惚れ惚れ,ほれぼれ,ほれぼれ
30141,ぽかぽか,ぽかぽか,ぽかぽか
30141,しゃんと,しゃんと,しゃんと
30141,べっとり,べっとり,べっとり
30141,こんがり,こんがり,こんがり
30141,にやっと,,
30141,ずきずき,ずきずき,ずきずき
30722,ぎゅうぎゅう,ぎゅうぎゅう,ぎゅうぎゅう
30722,とまれ,とまれ,とまれ
30722,ぴちぴち,ぴちぴち,ぴちぴち
30722,ざっくり,ざっくり,ざっくり
30722,にっ,,
30722,がちゃがちゃ,ガチャガチャ,がちゃがちゃ
30722,ぼそっと,ぼそっと,ぼそっと
30722,すうすう,スウスウ,すうすう
30722,かん,間,かん
30722,ぱっくり,ぱっくり,ぱっくり
30722,かたかた,カタカタ,かたかた
30722,もごもご,モゴモゴ,もごもご
30722,ぺろりと,,
30722,とっぷり,とっぷり,とっぷり
30722,ひらりと,,
30722,まったり,まったり,まったり
30722,よたよた,よたよた,よたよた
30722,とっくり,とっくり,とっくり
31286,敢然,敢然,かんぜん
31286,ひょい,ひょい,ひょい
31286,見す見す,みすみす,みすみす
31286,ほいほい,,
31286,須らく,すべからく,すべからく
31286,ごわごわ,ごわごわ,ごわごわ
31286,わんさか,,
31286,ぴょんぴょん,ピョンピョン,ぴょんぴょん
31286,せかせか,せかせか,せかせか
31286,ぜいぜい,,
31891,ぶつ,物,ぶつ
31891,うじゃうじゃ,うじゃうじゃ,うじゃうじゃ
31891,たらたら,たらたら,たらたら
31891,すごすご,すごすご,すごすご
31891,くりくり,くりくり,くりくり
31891,ふかふか,ふかふか,ふかふか
31891,かた,肩,かた
31891,ぴりっと,ピリッと,ぴりっと
31891,ぐるり,ぐるり,ぐるり
32501,順々,じゅんじゅん,じゅんじゅん
32501,ずらっと,ずらっと,ずらっと
32501,爾来,爾来,じらい
32501,すかっと,スカッと,すかっと
32501,わあわあ,わあわあ,わあわあ
32501,豈,阿仁,あに
32501,ざー,,
32501,ちん,陳,ちん
32501,こってり,こってり,こってり
32501,とろんと,トロント,とろんと
32501,のっそり,のっそり,のっそり
32501,どさりと,,
32501,抜け抜け,ぬけぬけ,ぬけぬけ
33119,ちかちか,チカチカ,ちかちか
33119,またぞろ,またぞろ,またぞろ
33119,のうのう,のうのう,のうのう
33119,でんと,デンと,でんと
33119,うかうか,うかうか,うかうか
33119,辛々,辛々,からがら
33119,のべつ,のべつ,のべつ
33119,ざくざく,ざくざく,ざくざく
33119,ぽいと,ポイと,ぽいと
33119,さばさば,さばさば,さばさば
33119,のっぺり,のっぺり,のっぺり
33119,ぷるぷる,,
33119,ぎしぎし,羊蹄,ぎしぎし
33119,洗い浚い,洗いざらい,あらいざらい
33119,ぽっと,ポット,ぽっと
33119,めそめそ,めそめそ,めそめそ
33119,ぴしりと,,
33119,ぱちくり,ぱちくり,ぱちくり
33119,うふふ,うふふ,うふふ
33119,みんみん,ミンミン,みんみん
33119,ぎょろりと,,
33119,こくりと,,
33119,ぐらり,ぐらり,ぐらり
33119,じっとり,じっとり,じっとり
33770,げっそり,げっそり,げっそり
33770,ぎゅう,牛生,ぎゅう
33770,かちっと,かちっと,かちっと
33770,あわよくば,あわよくば,あわよくば
33770,ぽち,ポチ,ぽち
33770,ぷんと,ぷんと,ぷんと
33770,ほくほく,ホクホク,ほくほく
33770,ぎゃあぎゃあ,ぎゃあぎゃあ,ぎゃあぎゃあ
33770,ふさふさ,ふさふさ,ふさふさ
33770,こつん,コツン,こつん
33770,縦しんば,よしんば,よしんば
33770,うねうね,うねうね,うねうね
33770,もぐもぐ,もぐもぐ,もぐもぐ
33770,ごり,ゴリ,ごり
33770,ぷいと,ぷいと,ぷいと
33770,むしゃくしゃ,むしゃくしゃ,むしゃくしゃ
33770,もりもり,モリモリ,もりもり
33770,じんわり,じんわり,じんわり
34516,行く行く,ゆくゆく,ゆくゆく
34516,たらふく,たらふく,たらふく
34516,きゃあきゃあ,きゃあきゃあ,きゃあきゃあ
34516,ごまんと,ごまんと,ごまんと
34516,あたら,あたら,あたら
34516,剰え,あまつさえ,あまつさえ
34516,切に,切に,せつに
34516,ろくろく,,
34516,きん,金,きん
34516,へらへら,へらへら,へらへら
34516,ひょろひょろ,ひょろひょろ,ひょろひょろ
34516,とことこ,とことこ,とことこ
34516,ぱっちり,ぱっちり,ぱっちり
34516,がくん,がくん,がくん
34516,しゃきっと,しゃきっと,しゃきっと
34516,ぱりっと,ぱりっと,ぱりっと
34516,ごろんと,,
34516,がらん,がらん,がらん
34516,ふいと,ふいと,ふいと
34516,きりりと,,
35236,きと,帰途,きと
35236,あわや,淡谷,あわや
35236,ずかずか,ずかずか,ずかずか
35236,ねちねち,ねちねち,ねちねち
35236,交々,こもごも,こもごも
35236,でかでか,でかでか,でかでか
35236,ぷりぷり,プリプリ,ぷりぷり
35236,がくっと,,
35236,ころりと,,
35236,ぴかっと,ぴかっと,ぴかっと
35236,もくもく,黙々,もくもく
35236,からりと,,
35236,かち,価値,かち
35236,しょぼしょぼ,しょぼしょぼ,しょぼしょぼ
35236,手ずから,手ずから,てずから
35236,うじうじ,うじうじ,うじうじ
35236,むっちり,むっちり,むっちり
35236,茫々,ぼうぼう,ぼうぼう
35236,あんぐり,あんぐり,あんぐり
35236,さわさわ,さわさわ,さわさわ
35236,ぱちん,パチン,ぱちん
35236,いちゃいちゃ,いちゃいちゃ,いちゃいちゃ
36042,しゃあしゃあ,しゃあしゃあ,しゃあしゃあ
36042,じわっと,じわっと,じわっと
36042,ぽっ,,
36042,ぽろりと,,
36042,がみがみ,ガミガミ,がみがみ
36042,こじんまり,,
36042,ぶうぶう,ぶうぶう,ぶうぶう
36042,からきし,からきし,からきし
36042,ぺろぺろ,,
36042,きら,吉良,きら
36042,どかん,ドカン,どかん
36042,しゅんと,しゅんと,しゅんと
36042,すやすや,すやすや,すやすや
36042,ころ,ころ,ころ
36042,毫も,ごうも,ごうも
36042,どくどく,どくどく,どくどく
36042,ことこと,コトコト,ことこと
36042,じわり,じわり,じわり
36042,えへん,えへん,えへん
36829,ぷかぷか,プカプカ,ぷかぷか
36829,えんえん,延々,えんえん
36829,ぐつぐつ,ぐつぐつ,ぐつぐつ
36829,めらめら,メラメラ,めらめら
36829,ふらっと,フラット,ふらっと
36829,むしゃむしゃ,むしゃむしゃ,むしゃむしゃ
36829,ぱん,パン,ぱん
36829,ぴしっと,ぴしっと,ぴしっと
36829,漫ろ,そぞろ,そぞろ
36829,縦し,よし,よし
36829,たじたじ,たじたじ,たじたじ
36829,よも,よも,よも
36829,みっちり,みっちり,みっちり
36829,ぽうっと,ぽうっと,ぽうっと
36829,ふうふう,ふうふう,ふうふう
36829,むざむざ,むざむざ,むざむざ
36829,おめおめ,おめおめ,おめおめ
36829,げんなり,げんなり,げんなり
36829,ちろちろ,ちろちろ,ちろちろ
36829,どきりと,,
37694,くっと,くっと,くっと
37694,ひいひい,ひいひい,ひいひい
37694,のらりくらり,のらりくらり,のらりくらり
37694,飛び飛び,,
37694,たんと,たんと,たんと
37694,がつんと,,
37694,どど,度々,どど
37694,ぼうん,,
37694,うようよ,うようよ,うようよ
37694,どかどか,どかどか,どかどか
37694,びゅんびゅん,,
37694,ごろり,ごろり,ごろり
37694,どっかり,どっかり,どっかり
37694,ぼりぼり,ボリボリ,ぼりぼり
37694,擦った揉んだ,すったもんだ,すったもんだ
37694,ぶらりと,,
37694,ゆるりと,,
37694,ずん,,
37694,ぶる,ぶる,ぶる
38630,厳に,現に,げんに
38630,ぐにゃぐにゃ,ぐにゃぐにゃ,ぐにゃぐにゃ
38630,のほほんと,,
38630,すぱっと,スパッと,すぱっと
38630,がぶがぶ,がぶがぶ,がぶがぶ
38630,めきめき,めきめき,めきめき
38630,たた,多々,たた
38630,しゅっと,しゅっと,しゅっと
38630,ぽたぽた,ポタポタ,ぽたぽた
38630,ぱんぱん,パンパン,ぱんぱん
38630,ごりごり,ゴリゴリ,ごりごり
38630,ふりふり,,
38630,たまさか,高坂,たまさか
39617,ちまちま,ちまちま,ちまちま
39617,うんうん,うんうん,うんうん
39617,ぷっつり,ぷっつり,ぷっつり
39617,がたん,ガタン,がたん
39617,とん,トン,とん
39617,ぴーぴー,,
39617,どんちゃん,,
39617,じんじん,ジンジン,じんじん
39617,つるんと,,
39617,ずんと,ずんと,ずんと
39617,ぐっしょり,ぐっしょり,ぐっしょり
39617,ちゃりん,ちゃりん,ちゃりん
39617,ぬるっと,,
39617,しゃきしゃき,シャキシャキ,しゃきしゃき
39617,どんぶり,どんぶり,どんぶり
39617,ことん,ことん,ことん
39617,ぶすっと,ぶすっと,ぶすっと
39617,びくり,,
40698,すぱすぱ,すぱすぱ,すぱすぱ
40698,ぼんぼん,ボンボン,ぼんぼん
40698,ごみごみ,ゴミゴミ,ごみごみ
40698,どやどや,どやどや,どやどや
40698,ふつふつ,ふつふつ,ふつふつ
40698,思いの外,思いのほか,おもいのほか
40698,かーっと,,
40698,ぱちんと,,
40698,ゆめゆめ,ゆめゆめ,ゆめゆめ
40698,どろりと,,
40698,じゃらじゃら,じゃらじゃら,じゃらじゃら
40698,ずしりと,,
40698,わはは,わはは,わはは
40698,つんつん,ツンツン,つんつん
40698,夜な夜な,夜な夜な,よなよな
40698,にたにた,ニタニタ,にたにた
40698,つるりと,,
40698,ぴくっと,ぴくっと,ぴくっと
41842,まごまご,マゴマゴ,まごまご
41842,びしっと,びしっと,びしっと
41842,ぷつんと,,
41842,きいきい,キイキイ,きいきい
41842,転た,うたた,うたた
41842,ぽつり,ポツリ,ぽつり
41842,がばっと,,
41842,ずぶずぶ,ずぶずぶ,ずぶずぶ
41842,じゃんじゃん,じゃんじゃん,じゃんじゃん
41842,おちおち,おちおち,おちおち
41842,ぼってり,ぼってり,ぼってり
41842,ぱたり,ぱたり,ぱたり
41842,まんじりと,,
41842,ばしっと,,
41842,どた,どた,どた
41842,べろべろ,ベロベロ,べろべろ
41842,ぴっちり,ぴっちり,ぴっちり
41842,たんまり,たんまり,たんまり
41842,ぽつねん,,
41842,ついと,ついと,ついと
41842,どたどた,ドタドタ,どたどた
41842,ちびり,ちびり,ちびり
43022,ぱあっと,,
43022,そろりそろり,,
43022,どっかと,どっかと,どっかと
43022,ぱりぱり,パリパリ,ぱりぱり
43022,なよなよ,なよなよ,なよなよ
43022,もそもそ,もそもそ,もそもそ
43022,ちょろ,,
43022,ぼん,ボン,ぼん
43022,こせこせ,こせこせ,こせこせ
43022,かちゃかちゃ,かちゃかちゃ,かちゃかちゃ
43022,むんず,,
43022,くりっと,,
43022,こてこて,こてこて,こてこて
43022,てらてら,テラテラ,てらてら
43022,ぷっくり,ぷっくり,ぷっくり
43022,うだうだ,うだうだ,うだうだ
43022,ひやりと,ヒヤリと,ひやりと
43022,むにゃむにゃ,むにゃむにゃ,むにゃむにゃ
43022,むらむら,村々,むらむら
43022,げげげ,,
44338,ぎすぎす,ぎすぎす,ぎすぎす
44338,ふにゃふにゃ,ふにゃふにゃ,ふにゃふにゃ
44338,するっと,するっと,するっと
44338,おっかなびっくり,おっかなびっくり,おっかなびっくり
44338,ぺたぺた,ぺたぺた,ぺたぺた
44338,てくてく,てくてく,てくてく
44338,ぴしゃっと,,
44338,ころんと,,
44338,つべこべ,つべこべ,つべこべ
44338,ずずっ,,
44338,ぶうん,武運,ぶうん
44338,翻って,ひるがえって,ひるがえって
44338,ごてごて,ごてごて,ごてごて
44338,うろちょろ,うろちょろ,うろちょろ
44338,てんかん,＊,てんかん
44338,ぽっぽ,ぽっぽ,ぽっぽ
44338,ぐだぐだ,,
44338,ぱた,,
44338,ぺたん,ぺたん,ぺたん
44338,どきん,どきん,どきん
44338,ちゃっちゃ,,
45806,けちけち,ケチケチ,けちけち
45806,だぼ,ダボ,だぼ
45806,ゆめ,夢,ゆめ
45806,美しくも,美しくも,いしくも
45806,やっとこ,やっとこ,やっとこ
45806,むっくり,むっくり,むっくり
45806,かりっと,,
45806,かさこそ,かさこそ,かさこそ
45806,がくんと,,
45806,ちゃっ,,
45806,ずけずけ,ずけずけ,ずけずけ
45806,思う様,おもうさま,おもうさま
45806,そろりと,,
45806,ちょっくら,,
45806,しょぼん,,
45806,いっかな,いっかな,いっかな
45806,わなわな,わなわな,わなわな
45806,ぴたぴた,,
45806,とんとこ,,
47471,ぴたり,ピタリ,ぴたり
47471,がっと,ガット,がっと
47471,ぽとぽと,ポトポト,ぽとぽと
47471,がたごと,,
47471,ぱくりと,,
47471,ほんわか,ほんわか,ほんわか
47471,ちゃらちゃら,チャラチャラ,ちゃらちゃら
47471,ぽろっと,,
47471,ほうほけきょ,,
47471,ちびりちびり,ちびりちびり,ちびりちびり
47471,ぺたっと,,
47471,枉げて,曲げて,まげて
47471,にたり,似たり,にたり
47471,のそのそ,のそのそ,のそのそ
47471,ずばずば,ずばずば,ずばずば
47471,じろっと,じろっと,じろっと
47471,ぺたりと,,
47471,のっしのっし,のっしのっし,のっしのっし
47471,のそりと,,
49232,がーっ,,
49232,がさごそ,がさごそ,がさごそ
49232,しとしと,しとしと,しとしと
49232,静々,しずしず,しずしず
49232,向後,向後,きょうこう
49232,一肌,人肌,ひとはだ
49232,かっちり,かっちり,かっちり
49232,つらつら,熟,つらつら
49232,はんなり,,
49232,無闇矢鱈,,
49232,ぶっと,ブット,ぶっと
49232,とど,トド,とど
49232,ほろほろ,ほろほろ,ほろほろ
49232,ぼそ,,
49232,懇々,こんこん,こんこん
49232,にゅっと,にゅっと,にゅっと
49232,じじ,時事,じじ
49232,ぞっこん,ぞっこん,ぞっこん
49232,しゃっきり,しゃっきり,しゃっきり
49232,けろっと,けろっと,けろっと
49232,よぼよぼ,よぼよぼ,よぼよぼ
49232,ひょろりと,,
49232,割かし,わりかし,わりかし
49232,良しなに,よしなに,よしなに
49232,滅多矢鱈,めったやたら,めったやたら
49232,はらりと,,
49232,にたりと,,
49232,ちんまり,ちんまり,ちんまり
49232,ぴくんと,,
49232,かあん,華安,かあん
49232,どさっと,,
49232,だあ,,
49232,ずきんと,,
49232,ぷちぷち,,
51227,どろっと,,
51227,しこしこ,しこしこ,しこしこ
51227,休み休み,休み休み,やすみやすみ
51227,ふら,,
51227,けらけら,けらけら,けらけら
51227,わんさと,,
51227,こてんぱん,コテンパン,こてんぱん
51227,むんむん,ムンムン,むんむん
51227,定めて,定めて,さだめて
51227,だらんと,,
51227,ぽつんぽつん,,
51227,へろへろ,,
51227,並べて,並べて,なべて
51227,ひやっと,,
51227,さっくり,さっくり,さっくり
51227,ぐすん,,
51227,ごとごと,ゴトゴト,ごとごと
51227,道々,道々,みちみち
51227,ずぶりと,,
51227,ひしと,ひしと,ひしと
51227,ぎくっと,ぎくっと,ぎくっと
51227,ぽりぽり,ポリポリ,ぽりぽり
51227,ぐびぐび,ぐびぐび,ぐびぐび
51227,ばあ,ばあ,ばあ
51227,きょときょと,きょときょと,きょときょと
51227,果然,果然,かぜん
51227,じくじく,じくじく,じくじく
53646,ぷらぷら,,
53646,ひょろっと,,
53646,ちょんちょん,ちょんちょん,ちょんちょん
53646,ぼやぼや,ぼやぼや,ぼやぼや
53646,ぽとり,ポトリ,ぽとり
53646,間々,まま,まま
53646,ふーふー,フーフー,ふーふー
53646,ぷつぷつ,ぷつぷつ,ぷつぷつ
53646,すってんころり,,
53646,でれでれ,でれでれ,でれでれ
53646,おぎゃあ,おぎゃあ,おぎゃあ
53646,くる,くる,くる
53646,ほろりと,,
53646,ぽたりと,,
53646,ぺちゃくちゃ,ペチャクチャ,ぺちゃくちゃ
53646,だらり,だらり,だらり
53646,がっぽり,がっぽり,がっぽり
53646,ぞろりと,,
53646,びちゃびちゃ,びちゃびちゃ,びちゃびちゃ
53646,ぷつりと,,
53646,返す返す,かえすがえす,かえすがえす
53646,こん,今,こん
53646,ぐぐっ,,
53646,ごほごほ,,
53646,ひゅうひゅう,ひゅうひゅう,ひゅうひゅう
53646,さあさあ,さあさあ,さあさあ
53646,がちゃり,,
53646,ごくごく,ごくごく,ごくごく
53646,くつくつ,くつくつ,くつくつ
53646,ふわりふわり,,
53646,じーじー,,
53646,ぴかりと,,
53646,ぷるん,,
53646,じゅくじゅく,,
53646,くちゃくちゃ,くちゃくちゃ,くちゃくちゃ
53646,てんでん,てんでん,てんでん
53646,ひやり,ひやり,ひやり
53646,ささっと,,
53646,ぐえ,,
53646,ばさりと,,
53646,ぺたんと,,
56342,びしびし,ビシビシ,びしびし
56342,弥,いや,いや
56342,冴え冴え,さえざえ,さえざえ
56342,ぐうぐう,ぐうぐう,ぐうぐう
56342,ぐさりと,,
56342,ぬめぬめ,ぬめぬめ,ぬめぬめ
56342,夜っぴて,夜っぴて,よっぴて
56342,つるっと,,
56342,ぺんぺん,ペンペン,ぺんぺん
56342,ぽかっと,ぽかっと,ぽかっと
56342,ずどん,ずどん,ずどん
56342,にょきにょき,にょきにょき,にょきにょき
56342,ぶん,分,ぶん
56342,なまじっか,なまじっか,なまじっか
56342,ずしんと,,
56342,とろっと,トロット,とろっと
56342,さくっと,,
56342,ばたっと,ばたっと,ばたっと
56342,実に,,
56342,はったと,はったと,はったと
56342,もわっと,,
56342,うわっと,,
56342,さあっと,,
56342,ぽってり,ぽってり,ぽってり
56342,ぎいぎい,,
56342,ぺこんと,,
56342,かっきり,かっきり,かっきり
56342,ずんぐりむっくり,ずんぐりむっくり,ずんぐりむっくり
56342,ぐにゃり,ぐにゃり,ぐにゃり
56342,がばがば,,
56342,おぎゃ,,
56342,とつおいつ,とつおいつ,とつおいつ
56342,ぎんぎん,ぎんぎん,ぎんぎん
56342,ぎい,,
56342,ぱらりと,,
56342,ういん,,
56342,がばと,,
56342,さめざめ,さめざめ,さめざめ
56342,むずと,むずと,むずと
59421,ぼとぼと,,
59421,ばったばった,,
59421,ぶらっと,ぶらっと,ぶらっと
59421,ずばっと,ずばっと,ずばっと
59421,ぴちっと,ぴちっと,ぴちっと
59421,ざぶざぶ,ざぶざぶ,ざぶざぶ
59421,そよそよ,そよそよ,そよそよ
59421,つん,つん,つん
59421,朝来,朝来,ちょうらい
59421,ぽっきり,ぽっきり,ぽっきり
59421,ちゃっと,チャット,ちゃっと
59421,ぴりりと,,
59421,びゅっと,,
59421,おたおた,おたおた,おたおた
59421,ちょろっと,ちょろっと,ちょろっと
59421,りゅうと,隆と,りゅうと
59421,ふっつり,ふっつり,ふっつり
59421,かほど,かほど,かほど
59421,ちりんちりん,,
59421,ぎちぎち,ぎちぎち,ぎちぎち
59421,こそっと,,
59421,わさわさ,わさわさ,わさわさ
59421,わらわら,わらわら,わらわら
59421,きゅうきゅう,救急,きゅうきゅう
59421,きい,紀伊,きい
59421,ぴちゃぴちゃ,ぴちゃぴちゃ,ぴちゃぴちゃ
59421,二つ乍,二つながら,ふたつながら
59421,むすっと,,
59421,別して,別して,べっして
59421,ちょこまか,ちょこまか,ちょこまか
59421,がーがー,,
59421,ざあざあ,ざあざあ,ざあざあ
59421,ばくばく,漠漠,ばくばく
59421,ろくすっぽ,ろくすっぽ,ろくすっぽ
59421,くら,くら,くら
59421,ぴっと,ピット,ぴっと
59421,がたぴし,がたぴし,がたぴし
59421,ねとねと,,
59421,のめのめ,のめのめ,のめのめ
59421,ひょいひょい,ひょいひょい,ひょいひょい
59421,さやさや,さやさや,さやさや
59421,もっちり,,
59421,ぱちり,ぱちり,ぱちり
59421,もったり,,
59421,からんころん,,
59421,だっと,だっと,だっと
59421,にゃんにゃん,,
59421,もこもこ,,
59421,ランチャー,ランチャー,
59421,総別,総別,そうべつ
59421,ぷくぷく,ぷくぷく,ぷくぷく
63094,万々,バンバン,ばんばん
63094,ぶりぶり,ブリブリ,ぶりぶり
63094,ぎゃふん,ぎゃふん,ぎゃふん
63094,じわりじわり,じわりじわり,じわりじわり
63094,きちんきちん,きちんきちん,きちんきちん
63094,苟も,いやしくも,いやしくも
63094,びっちり,,
63094,もさっと,もさっと,もさっと
63094,ぎょろぎょろ,,
63094,ちょんと,ちょんと,ちょんと
63094,泣き泣き,泣き泣き,なきなき
63094,定めし,さだめし,さだめし
63094,ぶすりと,,
63094,本に,本に,ほんに
63094,ぽこっと,,
63094,がらり,がらり,がらり
63094,ぱっぱ,,
63094,どげん,どげん,どげん
63094,ばんと,バント,ばんと
63094,ぱしゃぱしゃ,,
63094,ちんたら,,
63094,ばしばし,,
63094,がぶりと,,
63094,ごんごん,,
63094,ぽっくり,ポックリ,ぽっくり
63094,じゅっ,,
63094,もちもち,,
63094,如何で,いかで,いかで
63094,ぺろっと,ぺろっと,ぺろっと
63094,追い追い,おいおい,おいおい
63094,まにまに,まにまに,まにまに
63094,はりはり,はりはり,はりはり
63094,どばっと,,
63094,やいのやいの,やいのやいの,やいのやいの
63094,ぐにゃりと,,
63094,ごほん,ご本,ごほん
63094,べちゃべちゃ,べちゃべちゃ,べちゃべちゃ
63094,べたっと,,
63094,がちっと,,
63094,ずるっと,,
63094,ぽろり,ポロリ,ぽろり
63094,かっかと,,
63094,だだっと,,
63094,つっと,つっと,つっと
63094,のたりのたり,のたりのたり,のたりのたり
63094,みしみし,ミシミシ,みしみし
63094,ぶらり,ぶらり,ぶらり
63094,うまうま,うまうま,うまうま
63094,でんでん,電電,でんでん
63094,ぐしゃり,ぐしゃり,ぐしゃり
63094,しらっと,しらっと,しらっと
63094,ふわっ,,
63094,ほっこり,ほっこり,ほっこり
63094,夜もすがら,夜もすがら,よもすがら
63094,ぴりり,,
63094,かあかあ,,
67760,べろんべろん,,
67760,ずきんずきん,,
67760,ばりっと,ばりっと,ばりっと
67760,くだくだ,くだくだ,くだくだ
67760,ごぼごぼ,,
67760,のんべんだらり,のんべんだらり,のんべんだらり
67760,ずぼっと,,
67760,つくねんと,,
67760,みっしり,みっしり,みっしり
67760,ちんと,ちんと,ちんと
67760,いとど,,
67760,ぱくっと,,
67760,ぺちゃぺちゃ,ぺちゃぺちゃ,ぺちゃぺちゃ
67760,ぱしっ,,
67760,漸々,漸々,ぜんぜん
67760,ごろっと,ごろっと,ごろっと
67760,むちむち,,
67760,すぽっと,スポット,すぽっと
67760,ずらずら,,
67760,けろけろ,,
67760,清々,清々,せいせい
67760,ざす,座主,ざす
67760,うらうら,うらうら,うらうら
67760,がしっと,,
67760,ばしゃばしゃ,,
67760,がたっと,がたっと,がたっと
67760,ざあっと,,
67760,しゅうしゅう,収集,しゅうしゅう
67760,どかっと,どかっと,どかっと
67760,にょろにょろ,にょろにょろ,にょろにょろ
67760,のらくら,のらくら,のらくら
67760,ぎっちり,ぎっちり,ぎっちり
67760,にたっと,,
67760,ぴしゃぴしゃ,ぴしゃぴしゃ,ぴしゃぴしゃ
67760,ぬらぬら,ヌラヌラ,ぬらぬら
67760,ぱく,パク,ぱく
67760,へどもど,,
67760,ふいっと,,
67760,ぷか,,
67760,重ね重ね,重ね重ね,かさねがさね
67760,がしがし,,
67760,くらっと,くらっと,くらっと
67760,じゃりじゃり,じゃりじゃり,じゃりじゃり
67760,たらり,たらり,たらり
67760,ふるふる,,
67760,むかっと,むかっと,むかっと
67760,むしむし,むしむし,むしむし
67760,ひょこたん,,
67760,があがあ,,
67760,ちゃきちゃき,チャキチャキ,ちゃきちゃき
67760,うるうる,,
67760,クロイス,クロイス,
67760,ちょびっと,ちょびっと,ちょびっと
67760,とろり,とろり,とろり
67760,作麼生,,
73941,すきっと,スキット,すきっと
73941,なんのその,,
73941,ぷくっと,,
73941,えっちらおっちら,えっちらおっちら,えっちらおっちら
73941,かくんと,,
73941,かしゃかしゃ,,
73941,ぴしぴし,ぴしぴし,ぴしぴし
73941,しっぽり,,
73941,ぽたり,ポタリ,ぽたり
73941,じゃぶじゃぶ,じゃぶじゃぶ,じゃぶじゃぶ
73941,がっぷり,がっぷり,がっぷり
73941,がしゃがしゃ,,
73941,さっさ,,
73941,ぷるるん,,
73941,ぷらっと,プラット,ぷらっと
73941,ぷりっと,,
73941,ぽとりと,,
73941,丁と,打と,ちょうと
73941,ごくっと,ごくっと,ごくっと
73941,ざぶんと,,
73941,さんざっぱら,さんざっぱら,さんざっぱら
73941,チクタク,チクタク,ちくたく
73941,ちくっと,,
73941,ぶちぶち,,
73941,ぐしゃっと,,
73941,びゅうびゅう,びゅうびゅう,びゅうびゅう
73941,べろりと,,
73941,もしゃもしゃ,もしゃもしゃ,もしゃもしゃ
73941,密々,,
73941,喃々,＊,なんなん
73941,ぱかぱか,,
73941,もさもさ,,
73941,のほほん,のほほん,のほほん
73941,かつかつ,かつかつ,かつかつ
73941,うぉーん,,
73941,じわっ,,
73941,たまゆら,たまゆら,たまゆら
73941,もっさり,もっさり,もっさり
73941,どたっと,,
73941,ぬうっと,ぬうっと,ぬうっと
73941,しなしな,しなしな,しなしな
73941,ぽいぽい,,
73941,無慮,むりょ,むりょ
73941,からころ,からころ,からころ
82574,かたこと,片言,かたこと
82574,朝な朝な,朝な朝な,あさなあさな
82574,さささ,,
82574,あっぷあっぷ,あっぷあっぷ,あっぷあっぷ
82574,しかしか,,
82574,べたりと,,
82574,宜,宜,むべ
82574,がんと,ガント,がんと
82574,むきむき,ムキムキ,むきむき
82574,かちゃん,かちゃん,かちゃん
82574,がつん,,
82574,すっすっ,すっすっ,すっすっ
82574,たたと,,
82574,ちろっと,,
82574,つんけん,つんけん,つんけん
82574,どぼんと,,
82574,ぱぱっと,,
82574,ぴぴ,,
82574,ほうほう,方法,ほうほう
82574,ぼんと,,
82574,寄り寄り,寄り寄り,よりより
82574,ごにょごにょ,,
82574,びしばし,,
82574,ぶろろろ,,
82574,もうもう,濛々,もうもう
82574,きらり,キラリ,きらり
82574,ぐさっと,,
82574,くにゃくにゃ,,
82574,けばけば,,
82574,ざわり,,
82574,しかく,資格,しかく
82574,ぞろっと,,
82574,ばしゃんと,,
82574,はろばろ,はろばろ,はろばろ
82574,むさと,,
82574,今来,,
82574,殊の外,ことのほか,ことのほか
82574,ちらりちらり,ちらりちらり,ちらりちらり
82574,どさどさ,どさどさ,どさどさ
82574,にゃんと,,
82574,ぱちっと,,
82574,びらびら,びらびら,びらびら
82574,ぺろ,,
82574,欣然,欣然,きんぜん
82574,くさくさ,,
82574,ぐすぐす,ぐすぐす,ぐすぐす
82574,しゅるしゅる,,
82574,めりめり,メリメリ,めりめり
82574,ざわと,,
82574,うつうつ,うつうつ,うつうつ
82574,ごそっと,ごそっと,ごそっと
82574,べちゃくちゃ,,
82574,歩々,ほほ,ほほ
82574,くたっと,,