Verb,Reading,Meaning
いる,iru,"to be, to exist, to be needed"
する,suru,"to do, to carry out"
ある,aru,"to be, to exist, to have"
なる,naru,to become
できる,dekiru,to be able to do
思う,omou,to think
言う,iu,to say
くる,kuru,to come
いく,iku,to go
行う,okonau,"to perform, to conduct"
下さる,kudasaru,"to give, to confer, to bestow"
見る,miru,to see
考える,kangaeru,to consider
しまう,shimau,"to finish, to stop, to end"
持つ,motsu,"to hold, to carry"
おる,oru,"to be, to exist"
分かる,wakaru,to understand
使う,tsukau,to use
出る,deru,"to leave, to exit"
いただく,itadaku,"to receive, to get, to accept"
作る,tsukuru,"to make, to produce"
やる,yaru,to do
受ける,ukeru,"to receive, to get"
くれる,kureru,to give
知る,shiru,to know
入る,hairu,to enter
行く,iku,to go
聞く,kiku,"to hear, to listen, to ask"
てる,teru,to shine
感じる,kanjiru,"to feel, to sense"
書く,kaku,to write
来る,kuru,to come
しれる,shireru,to become known
違う,chigau,to differ
得る,eru,"to earn, to gain"
見える,mieru,"to be seen, to be insight"
出す,dasu,"to take out, to get out"
入れる,ireru,"to put in, to let in"
もらう,morau,to receive
致す,itasu,to do
つく,tsuku,"to arrive, to reach"
言える,yueru,"to say, to utter"
変わる,kawaru,"to change, to be transformed"
読む,yomu,to read
呼ぶ,yobu,to call
食べる,taberu,to eat
かかる,kakaru,"to take, to hang, to start"
利用する,riyousuru,"use, utilization"
求める,motomeru,"to want, to wish for"
つける,tsukeru,"to attach, to join, to wear"
使用する,shiyousuru,"use, application"
化する,kasuru,"to change into, to convert into"
与える,ataeru,"to give, to bestow"
含む,fukumu,
いける,ikeru,
いただける,itadakeru,
示す,shimesu,
教える,oshieru,
認める,mitomeru,
かける,kakeru,
取る,toru,
生きる,ikiru,
進む,susumu,
紹介する,shoukaisuru,
合わせる,awaseru,
異なる,kotonaru,
選ぶ,erabu,
とる,toru,
飲む,nomu,
増える,fueru,
関わる,kakawaru,
続く,tsuzuku,
置く,oku,
買う,kau,
続ける,tsuzukeru,
働く,hataraku,
確認する,kakuninsuru,
決める,kimeru,
伝える,tsutaeru,
過ぎる,sugiru,
進める,susumeru,
学ぶ,manabu,
存在する,sonzaisuru,
用いる,mochiiru,
生まれる,umareru,
起こる,okoru,
始める,hajimeru,
始まる,hajimaru,
残る,nokoru,
定める,sadameru,
発生する,hasseisuru,
変える,kaeru,
実施する,jisshisuru,
提供する,teikyousuru,
目指す,mezasu,
歩く,aruku,
終わる,owaru,
理解する,rikaisuru,
描く,egaku,
いく,iku,
説明する,setsumeisuru,
開く,hiraku,
頑張る,ganbaru,
守る,mamoru,
戻る,modoru,
含める,fukumeru,
参加する,sankasuru,
続ける,tsuzukeru,
つながる,tsunagaru,
表示する,hyoujisuru,
取り組む,torikumu,
送る,okuru,
生じる,shoujiru,
気づく,kizuku,
お願いする,onegaisuru,
楽しむ,tanoshimu,
帰る,kaeru,
乗る,noru,
覚える,oboeru,
述べる,noberu,
走る,hashiru,
忘れる,wasureru,
対応する,taiousuru,
図る,hakaru,
探す,sagasu,
立つ,tatsu,
住む,sumu,
現れる,arawareru,
超える,koeru,
過ぎる,sugiru,
起きる,okiru,
調べる,shiraberu,
話す,hanasu,
残す,nokosu,
待つ,matsu,
死ぬ,shinu,
語る,kataru,
申し上げる,moushiageru,
打つ,utsu,
向かう,mukau,
見せる,miseru,
作成する,sakuseisuru,
上がる,agaru,
繰り返す,kurikaesu,
信じる,shinjiru,
検討する,kentousuru,
当たる,ataru,
なくなる,nakunaru,
動く,ugoku,
会う,au,
決まる,kimaru,
付ける,tsukeru,
くださる,kudasaru,
まとめる,matomeru,
判断する,handansuru,
思える,omoeru,
起こす,okosu,
使える,tsukaeru,
上げる,ageru,
おる,oru,
見つける,mitsukeru,
購入する,kounyuusuru,
設定する,setteisuru,
実現する,jitsugensuru,
失う,ushinau,
答える,kotaeru,
選択する,sentakusuru,
える-非自立,eru,
付く,tsuku,
ちゃう-非自立,chau,
設置する,secchisuru,
離れる,hanareru,
活かす,ikasu,
用意する,youisuru,
止まる,tomaru,
分ける,wakeru,
広がる,hirogaru,
困る,komaru,
なす,nasu,
止める,tomeru,
開催する,kaisaisuru,
比べる,kuraberu,
やる-非自立,yaru,
活用する,katsuyousuru,
掲載する,keisaisuru,
勧める,susumeru,
切る,kiru,
期待する,kitaisuru,
加える,kuwaeru,
向ける,mukeru,
至る,itaru,
ござる,gozaru,
もらえる-非自立,moraeru,
基づく,motozuku,
避ける,yokeru,
支払う,shiharau,
売る,uru,
過ごす,sugosu,
除く,nozoku,
迎える,mukaeru,
育てる,sodateru,
変更する,henkousuru,
挙げる,ageru,
高める,takameru,
知れる,shireru,
記載する,kisaisuru,
落ちる,ochiru,
押す,osu,
なれる,nareru,
限る,kagiru,
変化する,henkasuru,
似る,niru,
立てる,tateru,
集まる,atsumaru,
あげる,ageru,
致す,itasu,
驚く,odoroku,
伴う,tomonau,
提出する,teishutsusuru,
注意する,chuuisuru,
引く,hiku,
指定する,shiteisuru,
集める,atsumeru,
する,suru,
評価する,hyoukasuru,
勉強する,benkyousuru,
触れる,fureru,
有する,yuusuru,
届く,todoku,
減る,heru,
流れる,nagareru,
もらう,morau,
支える,tsukaeru,
努める,tsutomeru,
寝る,neru,
安心する,anshinsuru,
設ける,moukeru,
悩む,nayamu,
相談する,soudansuru,
払う,harau,
決定する,ketteisuru,
扱う,atsukau,
優れる,sugureru,
やめる,yameru,
果たす,hatasu,
出会う,deau,
まいる-非自立,mairu,
渡る,wataru,
認識する,ninshikisuru,
受け入れる,ukeireru,
訪れる,otozureru,
掲げる,kakageru,
喜ぶ,yorokobu,
願う,negau,
クリックする,kurikkusuru,
居る,iru,
発表する,happyousuru,
取れる,toreru,
解決する,kaiketsusuru,
通う,kayou,
貼る,haru,
許す,yurusu,
経る,heru,
増やす,fuyasu,
伝わる,tsutawaru,
愛する,aisuru,
意識する,ishikisuru,
登録する,tourokusuru,
表現する,hyougensuru,
通る,tooru,
聞こえる,kikoeru,
抱える,kakaeru,
借りる,kariru,
採用する,saiyousuru,
展開する,tenkaisuru,
改善する,kaizensuru,
動かす,ugokasu,
成長する,seichousuru,
比較する,hikakusuru,
指摘する,shitekisuru,
望む,nozomu,
該当する,gaitousuru,
おっしゃる,ossharu,
確保する,kakuhosuru,
取得する,shutokusuru,
思い出す,omoidasu,
もたらす,motarasu,
開発する,kaihatsusuru,
受け取る,uketoru,
導入する,dounyuusuru,
適用する,tekiyousuru,
なさる-非自立,nasaru,
遊ぶ,asobu,
考慮する,kouryosuru,
下がる,sagaru,
開始する,kaishisuru,
満たす,mitasu,
開ける,akeru,
登場する,toujousuru,
係る,kakaru,
発見する,hakkensuru,
回る,mawaru,
移動する,idousuru,
成功する,seikousuru,
撮る,toru,
並ぶ,narabu,
捨てる,suteru,
笑う,warau,
見つかる,mitsukaru,
慣れる,nareru,
構成する,kouseisuru,
取り上げる,toriageru,
把握する,haakusuru,
表す,arawasu,
報告する,houkokusuru,
従う,shitagau,
流す,nagasu,
問う,tou,
規定する,kiteisuru,
防ぐ,fusegu,
負う,ou,
話する,hanashisuru,
消える,kieru,
保つ,tamotsu,
登る,noboru,
抑える,osaeru,
育つ,sodatsu,
占める,shimeru,
暮らす,kurasu,
増加する,zoukasuru,
結ぶ,musubu,
意味する,imisuru,
入力する,nyuuryokusuru,
戦う,tatakau,
重ねる,kasaneru,
維持する,ijisuru,
見なす,minasu,
ゆく-非自立,yuku,
役立つ,yakudatsu,
販売する,hanbaisuru,
抱く,daku,
おく,oku,
運ぶ,hakobu,
充実する,juujitsusuru,
着る,kiru,
いらっしゃる,irassharu,
結婚する,kekkonsuru,
推進する,suishinsuru,
越える,koeru,
まつ,matsu,
注目する,chuumokusuru,
管理する,kanrisuru,
落とす,otosu,
主張する,shuchousuru,
楽しめる,tanoshimeru,
備える,sonaeru,
応じる,oujiru,
間違う,machigau,
殺す,korosu,
広げる,hirogeru,
公開する,koukaisuru,
高まる,takamaru,
座る,suwaru,
経験する,keikensuru,
経つ,tatsu,
よる,yoru,
生み出す,umidasu,
安定する,anteisuru,
協力する,kyouryokusuru,
希望する,kibousuru,
近づく,chikazuku,
チェックする,chekkusuru,
捉える,toraeru,
担当する,tantousuru,
通じる,tsuujiru,
担う,ninau,
支援する,shiensuru,
抜ける,nukeru,
関連する,kanrensuru,
取り入れる,toriireru,
落ち着く,ochitsuku,
発展する,hattensuru,
及ぶ,oyobu,
心がける,kokorogakeru,
終了する,shuuryousuru,
渡す,watasu,
建てる,tateru,
継続する,keizokusuru,
成立する,seiritsusuru,
出す-非自立,dasu,
実行する,jikkousuru,
助ける,tasukeru,
連れる,tsureru,
向く,muku,
泣く,naku,
亡くなる,nakunaru,
足りる,tariru,
減らす,herasu,
歌う,utau,
達する,tassuru,
降りる,oriru,
提案する,teiansuru,
反映する,haneisuru,
低下する,teikasuru,
生む,umu,
構う,kamau,
形成する,keiseisuru,
伸びる,nobiru,
計算する,keisansuru,
溢れる,afureru,
拡大する,kakudaisuru,
たつ,tatsu,
通す,toosu,
減少する,genshousuru,
感謝する,kanshasuru,
訴える,uttaeru,
発揮する,hakkisuru,
要する,yousuru,
指す,sasu,
努力する,doryokusuru,
出かける,dekakeru,
付き合う,tsukiau,
こだわる,kodawaru,
逃げる,nigeru,
試す,tamesu,
完成する,kanseisuru,
活躍する,katsuyakusuru,
散る,chiru,
任せる,makaseru,
重視する,juushisuru,
飛ぶ,tobu,
切れる-非自立,kireru,
負ける,makeru,
出る-非自立,deru,
発行する,hakkousuru,
表する,hyousuru,
目立つ,medatsu,
掛ける,kakeru,
当てる,ateru,
活動する,katsudousuru,
とれる,toreru,
かねる-非自立,kaneru,
行動する,koudousuru,
狙う,nerau,
伸ばす,nobasu,
戻す,modosu,
外す,hazusu,
要求する,youkyuusuru,
隠す,kakusu,
遅れる,okureru,
着く,tsuku,
寄せる,yoseru,
行ける,yukeru,
あう-非自立,au,
頼む,tanomu,
疲れる,tsukareru,
迷う,mayou,
保存する,hozonsuru,
分かれる,wakareru,
振り返る,furikaeru,
切る-非自立,kiru,
否定する,hiteisuru,
下げる,sageru,
もらえる,moraeru,
関係する,kankeisuru,
深める,fukameru,
返す,kaesu,
体験する,taikensuru,
取り扱う,toriatsukau,
整備する,seibisuru,
怒る,okoru,
整える,totonoeru,
抜く,nuku,
生活する,seikatsusuru,
増す,masu,
作り出す,tsukuridasu,
整理する,seirisuru,
勝つ,katsu,
貢献する,koukensuru,
想定する,souteisuru,
達成する,tasseisuru,
加入する,kanyuusuru,
構築する,kouchikusuru,
追加する,tsuikasuru,
導く,michibiku,
及ぼす,oyobosu,
うる-非自立,uru,
影響する,eikyousuru,
伺う,ukagau,
眺める,nagameru,
研究する,kenkyuusuru,
接する,sessuru,
集中する,shuuchuusuru,
心配する,shinpaisuru,
追う,ou,
つなぐ,tsunagu,
ひる,hiru,
見直す,minaosu,
依頼する,iraisuru,
終える,oeru,
撮影する,satsueisuru,
できる-非自立,dekiru,
迫る,semaru,
売れる,ureru,
解説する,kaisetsusuru,
絞る,shiboru,
サポートする,sapotosuru,
築く,kizuku,
無視する,mushisuru,
指導する,shidousuru,
運営する,uneisuru,
陥る,ochiiru,
分析する,bunsekisuru,
引き起こす,hikiokosu,
向上する,koujousuru,
招く,maneku,
提示する,teijisuru,
失敗する,shippaisuru,
組む,kumu,
済む,sumu,
申し込む,moushikomu,
予想する,yosousuru,
携わる,tazusawaru,
はっきりする,hakkirisuru,
強化する,kyoukasuru,
耐える,taeru,
促す,unagasu,
効く,kiku,
確立する,kakuritsusuru,
回復する,kaifukusuru,
役に立つ,yakunitatsu,
関する,kansuru,
辞める,yameru,
実践する,jissensuru,
治る,naoru,
つかむ,tsukamu,
議論する,gironsuru,
調整する,chouseisuru,
上昇する,joushousuru,
いる,iru,
受け止める,uketomeru,
成り立つ,naritatsu,
奪う,ubau,
実感する,jikkansuru,
救う,sukuu,
配慮する,hairyosuru,
処理する,shorisuru,
囲む,kakomu,
アップする,appusuru,
請求する,seikyuusuru,
揃う,sorou,
癒す,iyasu,
観察する,kansatsusuru,
巡る,meguru,
共有する,kyouyuusuru,
促進する,sokushinsuru,
スタートする,sutatosuru,
行える,okonaeru,
記録する,kirokusuru,
倒す,taosu,
洗う,arau,
とらえる,toraeru,
設立する,setsuritsusuru,
質問する,shitsumonsuru,
回す,mawasu,
頼る,tayoru,
でき上がる,dekiagaru,
見かける,mikakeru,
詰まる,tsumaru,
想像する,souzousuru,
作れる,tsukureru,
組み合わせる,kumiawaseru,
割る,waru,
お薦めする,osusumesuru,
保護する,hogosuru,
応援する,ouensuru,
公表する,kouhyousuru,
代表する,daihyousuru,
休む,yasumu,
強調する,kyouchousuru,
満足する,manzokusuru,
吸う,suu,
適する,tekisuru,
測る,hakaru,
加わる,kuwawaru,
記する,kisuru,
振る,furu,
覆う,oou,
叩く,hataku,
施行する,shikousuru,
咲く,saku,
載る,noru,
別れる,wakareru,
禁止する,kinshisuru,
記入する,kinyuusuru,
支給する,shikyuusuru,
調査する,chousasuru,
移る,utsuru,
恐る,osoreru,
対する,taisuru,
疑う,utagau,
届ける,todokeru,
尋ねる,tazuneru,
積む,tsumu,
納得する,nattokusuru,
降る,kudaru,
切れる,kireru,
消す,kesu,
証明する,shoumeisuru,
祈る,inoru,
包む,tsutsumu,
貸す,kasu,
下す,kudasu,
無くなる,nakunaru,
びっくりする,bikkurisuru,
降る,furu,
立ち上げる,tachiageru,
嫌う,kirau,
一致する,icchisuru,
気がつく,kigatsuku,
応える,kotaeru,
解消する,kaishousuru,
経過する,keikasuru,
出せる,daseru,
吸収する,kyuushuusuru,
塗る,nuru,
食う,kuu,
褒める,homeru,
去る,saru,
作り上げる,tsukuriageru,
恵まれる,megumareru,
申す,mousu,
あり得る,arieru,
乗せる,noseru,
優先する,yuusensuru,
苦しむ,kurushimu,
検索する,kensakusuru,
務める,tsutomeru,
持てる,moteru,
並べる,naraberu,
発する,hassuru,
やって来る,yattekuru,
挑戦する,chousensuru,
配置する,haichisuru,
味わう,ajiwau,
移す,utsusu,
苦労する,kurousuru,
引き出す,hikidasu,
限定する,genteisuru,
交換する,koukansuru,
到着する,touchakusuru,
輝く,kagayaku,
見つめる,mitsumeru,
尊重する,sonchousuru,
更新する,koushinsuru,
合格する,goukakusuru,
破壊する,hakaisuru,
焼く,yaku,
諦める,akirameru,
徹底する,tetteisuru,
訪問する,houmonsuru,
乗り越える,norikoeru,
めざす,mezasu,
閉じる,tojiru,
載せる,noseru,
卒業する,sotsugyousuru,
踏む,fumu,
握る,nigiru,
眠る,nemuru,
取り除く,torinozoku,
接続する,setsuzokusuru,
断る,kotowaru,
連絡する,renrakusuru,
かく,kaku,
読める,yomeru,
誤る,ayamaru,
独立する,dokuritsusuru,
連携する,renkeisuru,
位置する,ichisuru,
演じる,enjiru,
掛かる,kakaru,
叫ぶ,sakebu,
解く,hodoku,
進行する,shinkousuru,
誘う,sasou,
控える,hikaeru,
好む,konomu,
受け付ける,uketsukeru,
浮かぶ,ukabu,
負担する,futansuru,
悪化する,akkasuru,
施す,hodokosu,
重なる,kasanaru,
上回る,uwamawaru,
しかる,shikaru,
襲う,osou,
壊れる,kowareru,
獲得する,kakutokusuru,
助かる,tasukaru,
いらっしゃる-非自立,irassharu,
準備する,junbisuru,
見出だす,miidasu,
稼ぐ,kasegu,
取り戻す,torimodosu,
吊る,tsuru,
機能する,kinousuru,
く-非自立,ku,
削除する,sakujosuru,
間違える,machigaeru,
倒れる,taoreru,
磨く,migaku,
話し合う,hanashiau,
見守る,mimamoru,
測定する,sokuteisuru,
確かめる,tashikameru,
放つ,hanatsu,
被る,kaburu,
出現する,shutsugensuru,
感動する,kandousuru,
投げる,nageru,
完了する,kanryousuru,
追求する,tsuikyuusuru,
予定する,yoteisuru,
分類する,bunruisuru,
生ける,ikeru,
挟む,hasamu,
注ぐ,sosogu,
踏まえる,fumaeru,
きく,kiku,
しゃべる,shaberu,
急ぐ,isogu,
支配する,shihaisuru,
申請する,shinseisuru,
停止する,teishisuru,
反対する,hantaisuru,
引っ張る,hipparu,
数える,kazoeru,
不足する,fusokusuru,
ずれる,zureru,
生産する,seisansuru,
削る,kezuru,
告げる,tsugeru,
欠く,kaku,
放置する,houchisuru,
位置づける,ichizukeru,
所属する,shozokusuru,
発信する,hasshinsuru,
外れる,hazureru,
込める,komeru,
揃える,soroeru,
誕生する,tanjousuru,
沿う,sou,
混ぜる,mazeru,
共通する,kyoutsuusuru,
講じる,koujiru,
しっかりする,shikkarisuru,
参照する,sanshousuru,
探る,saguru,
向き合う,mukiau,
整う,totonou,
つなげる,tsunageru,
取り出す,toridasu,
固定する,koteisuru,
植える,ueru,
死亡する,shibousuru,
たどる,tadoru,
尽くす,tsukusu,
称する,shousuru,
上る,noboru,
工夫する,kufuusuru,
取り込む,torikomu,
お話する,ohanashisuru,
対処する,taishosuru,
曲がる,magaru,
批判する,hihansuru,
飾る,kazaru,
吹く,fuku,
痩せる,yaseru,
普及する,fukyuusuru,
隠れる,kakureru,
結びつく,musubitsuku,
学習する,gakushuusuru,
案内する,annaisuru,
制限する,seigensuru,
配る,kubaru,
たまる,tamaru,
取り付ける,toritsukeru,
通知する,tsuuchisuru,
誇る,hokoru,
相当する,soutousuru,
練習する,renshuusuru,
あきらめる,akirameru,
埋める,umeru,
欠ける,kakeru,
歩む,ayumu,
あてはまる,atehamaru,
収集する,shuushuusuru,
浴びる,abiru,
届けする,todokesuru,
なくす,nakusu,
こなす,konasu,
たどり着く,tadoritsuku,
崩れる,kuzureru,
属する,zokusuru,
感染する,kansensuru,
修正する,shuuseisuru,
発売する,hatsubaisuru,
巻き込む,makikomu,
壊す,kowasu,
成る,naru,
勤める,tsutomeru,
認定する,ninteisuru,
切り替える,kirikaeru,
保有する,hoyuusuru,
飼う,kau,
受診する,jushinsuru,
押さえる,osaeru,
左右する,sayuusuru,
移行する,ikousuru,
従事する,juujisuru,
視する,shisuru,
拒否する,kyohisuru,
生える,haeru,
慌てる,awateru,
定義する,teigisuru,
承る,uketamawaru,
保管する,hokansuru,
持ち込む,mochikomu,
イメージする,imejisuru,
返る,kaeru,
契約する,keiyakusuru,
すむ,sumu,
入院する,nyuuinsuru,
検証する,kenshousuru,
話しかける,hanashikakeru,
巻く,maku,
噛む,kamu,
お伝えする,otsutaesuru,
攻撃する,kougekisuru,
書き込む,kakikomu,
いれる,ireru,
派遣する,hakensuru,
養う,yashinau,
記述する,kijutsusuru,
書ける,kakeru,
診断する,shindansuru,
膨らむ,fukuramu,
あがる,agaru,
立ち上がる,tachiagaru,
訪ねる,tazuneru,
反応する,hannousuru,
軽減する,keigensuru,
はまる,hamaru,
策定する,sakuteisuru,
発達する,hattatsusuru,
育む,hagukumu,
触る,sawaru,
確定する,kakuteisuru,
我慢する,gamansuru,
納める,osameru,
ひく,hiku,
回答する,kaitousuru,
習う,narau,
緊張する,kinchousuru,
だます,damasu,
まとまる,matomaru,
依存する,izonsuru,
出席する,shussekisuru,
買える,kaeru,
ダウンロードする,daunrodosuru,
予測する,yosokusuru,
蓄積する,chikusekisuru,
送信する,soushinsuru,
済ませる,sumaseru,
営む,itonamu,
勤務する,kinmusuru,
踊る,odoru,
映る,utsuru,
まくる-非自立,makuru,
説く,toku,
所有する,shoyuusuru,
となる,tonaru,
通過する,tsuukasuru,
空く,suku,
鍛える,kitaeru,
試みる,kokoromiru,
満ちる,michiru,
治療する,chiryousuru,
仕上げる,shiageru,
傷つける,kizutsukeru,
開設する,kaisetsusuru,
のる,noru,
背負う,seou,
出発する,shuppatsusuru,
引き継ぐ,hikitsugu,
入手する,nyuushusuru,
解釈する,kaishakusuru,
保証する,hoshousuru,
廃止する,haishisuru,
弾く,hiku,
防止する,boushisuru,
贈る,okuru,
受け継ぐ,uketsugu,
盛り上がる,moriagaru,
絡む,karamu,
入学する,nyuugakusuru,
搭載する,tousaisuru,
呼びかける,yobikakeru,
発症する,hasshousuru,
添える,soeru,
直面する,chokumensuru,
話せる,hanaseru,
響く,hibiku,
締結する,teiketsusuru,
寄る,yoru,
信頼する,shinraisuru,
区別する,kubetsusuru,
黙る,damaru,
排除する,haijosuru,
支持する,shijisuru,
唱える,tonaeru,
建設する,kensetsusuru,
乾燥する,kansousuru,
就職する,shuushokusuru,
引き上げる,hikiageru,
晒す,sarasu,
預ける,azukeru,
コントロールする,kontororusuru,
採る,toru,
ほる,horu,
思い切る,omoikiru,
浮く,uku,
約束する,yakusokusuru,
終わる-非自立,owaru,
吐く,haku,
盛り込む,morikomu,
定着する,teichakusuru,
知らせる,shiraseru,
計画する,keikakusuru,
関与する,kanyosuru,
お待ちする,omachisuru,
義務付ける,gimuzukeru,
直す,naosu,
祀る,matsuru,
焦る,aseru,
保障する,hoshousuru,
拾う,hirou,
分解する,bunkaisuru,
刻む,kizamu,
名づける,nazukeru,
チャレンジする,charenjisuru,
聞ける,kikeru,
違反する,ihansuru,
判明する,hanmeisuru,
くれる,kureru,
間に合う,maniau,
就く,tsuku,
とる-非自立,toru,
太る,futoru,
遭う,au,
すすめる,susumeru,
育成する,ikuseisuru,
反する,hansuru,
申し出る,moushideru,
励ます,hagemasu,
温める,nurumeru,
寄与する,kiyosuru,
犯す,okasu,
運用する,unyousuru,
とく-非自立,toku,
配布する,haifusuru,
見れる,mireru,
運転する,untensuru,
命じる,meijiru,
習得する,shuutokusuru,
わく,waku,
落ち込む,ochikomu,
取り巻く,torimaku,
はかる,hakaru,
込む-非自立,komu,
補う,oginau,
起動する,kidousuru,
遡る,sakanoboru,
なさる,nasaru,
供給する,kyoukyuusuru,
解放する,kaihousuru,
崩す,kuzusu,
破る,yaburu,
展示する,tenjisuru,
インストールする,insutorusuru,
明記する,meikisuru,
摂取する,sesshusuru,
お話しする,ohanashisuru,
直す-非自立,naosu,
思いつく,omoitsuku,
見極める,mikiwameru,
手がける,tegakeru,
うける,ukeru,
あてる,ateru,
蹴る,keru,
履く,haku,
光る,hikaru,
進化する,shinkasuru,
報道する,houdousuru,
募集する,boshuusuru,
臨む,nozomu,
論じる,ronjiru,
抑制する,yokuseisuru,
変換する,henkansuru,
傾ける,katamukeru,
自覚する,jikakusuru,
飛び出す,tobidasu,
表明する,hyoumeisuru,
アクセスする,akusesusuru,
炊く,taku,
組み込む,kumikomu,
振り込む,furikomu,
収める,osameru,
受講する,jukousuru,
照らす,terasu,
印刷する,insatsusuru,
解除する,kaijosuru,
交付する,koufusuru,
指示する,shijisuru,
手伝う,tetsudau,
揺る,yuru,
結びつける,musubitsukeru,
クリアする,kuriasuru,
押し付ける,oshitsukeru,
酔う,you,
鳴る,naru,
培う,tsuchikau,
言い換える,iikaeru,
設計する,sekkeisuru,
引用する,inyousuru,
学べる,manaberu,
確信する,kakushinsuru,
余る,amaru,
算出する,sanshutsusuru,
到達する,toutatsusuru,
痛む,itamu,
成す,nasu,
ぶつかる,butsukaru,
通用する,tsuuyousuru,
承認する,shouninsuru,
はく,haku,
一貫する,ikkansuru,
電話する,denwasuru,
改める,aratameru,
傷つく,kizutsuku,
送付する,soufusuru,
出版する,shuppansuru,
消費する,shouhisuru,
思い込む,omoikomu,
出会える,deaeru,
おりる,oriru,
例える,tatoeru,
注文する,chuumonsuru,
復活する,fukkatsusuru,
回転する,kaitensuru,
退職する,taishokusuru,
会える,aeru,
あける,akeru,
アピールする,apirusuru,
制定する,seiteisuru,
好く,suku,
離婚する,rikonsuru,
同意する,douisuru,
制作する,seisakusuru,
拝見する,haikensuru,
選べる,eraberu,
妨げる,samatageru,
順守する,junshusuru,
崩壊する,houkaisuru,
刺激する,shigekisuru,
譲る,yuzuru,
回避する,kaihisuru,
浸透する,shintousuru,
飛ばす,tobasu,
あう,au,
特定する,tokuteisuru,
足る,taru,
勝てる,kateru,
創造する,souzousuru,
突っ込む,tsukkomu,
引き続く,hikitsuzuku,
プレーする,puresuru,
中止する,chuushisuru,
燃える,moeru,
製造する,seizousuru,
汚れる,yogoreru,
引き受ける,hikiukeru,
かなう,kanau,
消滅する,shoumetsusuru,
来す,kitasu,
入り込む,hairikomu,
やれる,yareru,
飽きる,akiru,
強める,tsuyomeru,
委託する,itakusuru,
溜まる,tamaru,
越す,kosu,
推測する,suisokusuru,
再生する,saiseisuru,
兼ねる,kaneru,
漂う,tadayou,
潰す,tsubusu,
名乗る,nanoru,
入社する,nyuushasuru,
要る,iru,
宣言する,sengensuru,
見込む,mikomu,
劣る,otoru,
構える,kamaeru,
検出する,kenshutsusuru,
沈む,shizumu,
下りる,oriru,
代わる,kawaru,
投稿する,toukousuru,
追いかける,oikakeru,
縛る,shibaru,
建つ,tatsu,
お知らせする,oshirasesuru,
課する,kasuru,
揺れる,yureru,
排出する,haishutsusuru,
統一する,touitsusuru,
受験する,jukensuru,
投入する,tounyuusuru,
交わす,kawasu,
推定する,suiteisuru,
かむ,kamu,
曲げる,mageru,
固まる,katamaru,
操作する,sousasuru,
欠かせる,kakaseru,
泊まる,tomaru,
妊娠する,ninshinsuru,
統合する,tougousuru,
再現する,saigensuru,
逃れる,nogareru,
添付する,tenpusuru,
敷く,shiku,
許可する,kyokasuru,
ふる,furu,
記憶する,kiokusuru,
離す,hanasu,
ぼる,boru,
捧げる,sasageru,
損なう,sokonau,
後悔する,koukaisuru,
おきる,okiru,
反省する,hanseisuru,
目覚める,mezameru,
経営する,keieisuru,
固める,katameru,
尽きる,tsukiru,
収まる,osamaru,
泳ぐ,oyogu,
服用する,fukuyousuru,
回収する,kaishuusuru,
見受ける,miukeru,
過ごせる,sugoseru,
混乱する,konransuru,
要請する,youseisuru,
放送する,housousuru,
引き取る,hikitoru,
増大する,zoudaisuru,
割れる,wareru,
足す,tasu,
役立てる,yakudateru,
克服する,kokufukusuru,
発言する,hatsugensuru,
置き換える,okikaeru,
さす,sasu,
製作する,seisakusuru,
仕掛ける,shikakeru,
湧く,waku,
伺いする,ukagaisuru,
削減する,sakugensuru,
逮捕する,taihosuru,
雇う,yatou,
写る,utsuru,
駆使する,kushisuru,
詰める,tsumeru,
冷やす,hiyasu,
遂げる,togeru,
眠れる,nemureru,
開示する,kaijisuru,
晴れる,hareru,
つぶやく,tsubuyaku,
投資する,toushisuru,
責める,semeru,
引っかかる,hikkakaru,
保持する,hojisuru,
刺す,sasu,
親しむ,shitashimu,
励む,hagemu,
被災する,hisaisuru,
交える,majieru,
治す,naosu,
尽くす-非自立,tsukusu,
掘る,horu,
栽培する,saibaisuru,
飛び込む,tobikomu,
お送りする,ookurisuru,
生成する,seiseisuru,
改正する,kaiseisuru,
自立する,jiritsusuru,
出演する,shutsuensuru,
攻める,semeru,
帰国する,kikokusuru,
貫く,tsuranuku,
儲かる,moukaru,
蘇る,yomigaeru,
飲める,nomeru,
強いる,shiiru,
除去する,jokyosuru,
賜る,tamawaru,
加工する,kakousuru,
持参する,jisansuru,
打ち出す,uchidasu,
参る,mairu,
づける-非自立,zukeru,
おこる,okoru,
広める,hiromeru,
留意する,ryuuisuru,
委ねる,yudaneru,
結う,yuu,
カバーする,kabasuru,
たてる,tateru,
乾く,kawaku,
組織する,soshikisuru,
収録する,shuurokusuru,
うかがう,ukagau,
演奏する,ensousuru,
明示する,meijisuru,
避難する,hinansuru,
応募する,oubosuru,
立ち寄る,tachiyoru,
バレル,bareru,
広まる,hiromaru,
つかう,tsukau,
省略する,shouryakusuru,
はる,haru,
放棄する,houkisuru,
下回る,shitamawaru,
折れる,oreru,
すっきりする,sukkirisuru,
腐る,kusaru,
盗む,nusumu,
作用する,sayousuru,
費やす,tsuiyasu,
預かる,azukaru,
移転する,itensuru,
コピーする,kopisuru,
連続する,renzokusuru,
叶える,kanaeru,
裏切る,uragiru,
リラックスする,rirakkususuru,
勘違いする,kanchigaisuru,
存じる,zonjiru,
争う,arasou,
転換する,tenkansuru,
溶ける,tokeru,
適合する,tekigousuru,
挿入する,sounyuusuru,
再開する,saikaisuru,
働きかける,hatarakikakeru,
かたよる,katayoru,
選定する,senteisuru,
追い込む,oikomu,
滑る,numeru,
覗く,nozoku,
取り消す,torikesu,
生き残る,ikinokoru,
起因する,kiinsuru,
富む,tomu,
近づける,chikazukeru,
カットする,kattosuru,
片づける,katazukeru,
分離する,bunrisuru,
感心する,kanshinsuru,
決意する,ketsuisuru,
放出する,houshutsusuru,
読み取る,yomitoru,
示唆する,shisasuru,
抽出する,chuushutsusuru,
加速する,kasokusuru,
荒れる,areru,
しまう,shimau,
遭遇する,souguusuru,
利く,kiku,
考察する,kousatsusuru,
言及する,genkyuusuru,
給ぶ,tabu,
隣接する,rinsetsusuru,
結合する,ketsugousuru,
まく,maku,
積み重ねる,tsumikasaneru,
教わる,osowaru,
売却する,baikyakusuru,
推奨する,suishousuru,
知り合う,shiriau,
とらわれる,torawareru,
募る,tsunoru,
継ぐ,tsugu,
練る,neru,
併用する,heiyousuru,
着目する,chakumokusuru,
見学する,kengakusuru,
深まる,fukamaru,
馴染む,najimu,
のせる,noseru,
乗り込む,norikomu,
挑む,idomu,
鳴らす,narasu,
分割する,bunkatsusuru,
資する,shisuru,
貯める,tameru,
覚める,sameru,
生ずる,shouzuru,
リンクする,rinkusuru,
枯れる,kareru,
雇用する,koyousuru,
滞在する,taizaisuru,
怠る,okotaru,
漏れる,moreru,
装着する,souchakusuru,
輸入する,yunyuusuru,
処分する,shobunsuru,
断つ,tatsu,
変動する,hendousuru,
嫌がる,iyagaru,
舞う,mau,
応用する,ouyousuru,
秘める,himeru,
率いる,hikiiru,
付け加える,tsukekuwaeru,
相次ぐ,aitsugu,
予約する,yoyakusuru,
歩ける,arukeru,
象徴する,shouchousuru,
お断りする,okotowarisuru,
働ける,hatarakeru,
尊敬する,sonkeisuru,
組み立てる,kumitateru,
殴る,naguru,
踏み出す,fumidasu,
つける-非自立,tsukeru,
懸念する,kenensuru,
戸惑う,tomadou,
受賞する,jushousuru,
満つ,mitsu,
記す,shirusu,
歓迎する,kangeisuru,
破綻する,hatansuru,
提唱する,teishousuru,
提起する,teikisuru,
埋まる,umaru,
引きこもる,hikikomoru,
問い合わせる,toiawaseru,
こもる,komoru,
開放する,kaihousuru,
予防する,yobousuru,
味わえる,ajiwaeru,
判定する,hanteisuru,
踏み込む,fumikomu,
企画する,kikakusuru,
由来する,yuraisuru,
貼り付ける,haritsukeru,
ぶつける,butsukeru,
憧れる,akogareru,
付与する,fuyosuru,
解ける,hodokeru,
緩和する,kanwasuru,
制御する,seigyosuru,
配信する,haishinsuru,
動ける,ugokeru,
見上げる,miageru,
値する,ataisuru,
留学する,ryuugakusuru,
謝る,ayamaru,
属する,shokusuru,
徴収する,choushuusuru,
差し引く,sashihiku,
持ち上げる,mochiageru,
揉む,momu,
あく,aku,
動作する,dousasuru,
処方する,shohousuru,
帯びる,obiru,
接す,sessu,
誘導する,yuudousuru,
進学する,shingakusuru,
のぼる,noboru,
あらわす,arawasu,
狂う,kuruu,
届け出る,todokederu,
極める,kiwameru,
取りまとめる,torimatomeru,
仕上がる,shiagaru,
綴る,tsuzuru,
活かせる,ikaseru,
非難する,hinansuru,
お答えする,okotaesuru,
釣れる,tsureru,
面する,mensuru,
模索する,mosakusuru,
特化する,tokkasuru,
発足する,hossokusuru,
検査する,kensasuru,
セットする,settosuru,
延長する,enchousuru,
似合う,niau,
遂行する,suikousuru,
装備する,soubisuru,
編む,amu,
連動する,rendousuru,
乗れる,noreru,
合意する,gouisuru,
下ろす,orosu,
題する,daisuru,
回る-非自立,mawaru,
継承する,keishousuru,
傾く,katamuku,
持ち出す,mochidasu,
オープンする,opunsuru,
侵入する,shinnyuusuru,
強まる,tsuyomaru,
持ち帰る,mochikaeru,
送り出す,okuridasu,
表記する,hyoukisuru,
侵害する,shingaisuru,
見据える,misueru,
歪む,yugamu,
就任する,shuuninsuru,
加算する,kasansuru,
帰宅する,kitakusuru,
計上する,keijousuru,
見合う,miau,
見当たる,miataru,
煮る,niru,
濡れる,nureru,
編集する,henshuusuru,
かかる-非自立,kakaru,
汚染する,osensuru,
経由する,keiyusuru,
悟る,satoru,
る-非自立,ru,
痛める,itameru,
むくむ,mukumu,
依る,yoru,
繰り広げる,kurihirogeru,
付着する,fuchakusuru,
茹でる,yuderu,
騒ぐ,sawagu,
供する,kyousuru,
披露する,hirousuru,
阻害する,sogaisuru,
飲み込む,nomikomu,
解する,kaisuru,
解明する,kaimeisuru,
協議する,kyougisuru,
ふれる,fureru,
悩ます,nayamasu,
転じる,tenjiru,
混じる,majiru,
使い分ける,tsukaiwakeru,
痛感する,tsuukansuru,
見逃す,minogasu,
まかなう,makanau,
出向く,demuku,
問いかける,toikakeru,
縮小する,shukushousuru,
閉まる,shimaru,
接触する,sesshokusuru,
許せる,yuruseru,
いじめる,ijimeru,
付する,fusuru,
無くす,nakusu,
駆けつける,kaketsukeru,
頷く,unazuku,
圧迫する,appakusuru,
終える-非自立,oeru,
暮れる,kureru,
叶う,kanau,
誤解する,gokaisuru,
助け合う,tasukeau,
運動する,undousuru,
いらいらする,irairasuru,